source,author,title,description,url,urlToImage,publishedAt,content
"{'id': None, 'name': 'BBC News'}",,Watch: Pro-Ukraine protesters target JD Vance,The vice-president and his family reportedly moved to an undisclosed location from their planned ski resort as a result.,https://www.bbc.com/news/videos/c2ljkny0j00o,https://ichef.bbci.co.uk/news/1024/branded_news/8f17/live/a7c18df0-f757-11ef-9e61-71ee71f26eb1.jpg,2025-03-02T11:01:40Z,"Protesters holding pro-Ukraine signs lined a road in Waitsfield, Vermont, where Vice-President Vance and his family were visiting for a ski holiday.
US media reported the family moved to an undisclo… [+380 chars]"
"{'id': None, 'name': 'BBC News'}",,Vance sparks row with Ukraine peacekeeping remarks,"The US vice-president has suggested ""20,000 troops from some random country"" will not deter Putin.",https://www.bbc.com/news/articles/czx7w7q7qzro,https://ichef.bbci.co.uk/news/1024/branded_news/817b/live/a3096250-f8f2-11ef-aa9e-0529c5c73157.jpg,2025-03-04T13:35:43Z,"Becky Morton
The US vice-president has sparked a row with comments he made about the potential involvement of international forces to police a peace deal in Ukraine.
UK opposition politicians accus… [+4132 chars]"
"{'id': None, 'name': 'BBC News'}",,US defence chief says return to Ukraine's 2014 borders 'unrealistic',The US defence secretary also says he does not see Ukraine joining Nato in the future.,https://www.bbc.com/news/articles/cy0pz3er37jo,https://ichef.bbci.co.uk/news/1024/branded_news/f4c7/live/3e7763a0-e94d-11ef-9923-ad5092970092.jpg,2025-02-12T14:46:44Z,"Pete Hegseth, the US defence secretary, has said it is ""unrealistic"" to expect Ukraine to return to its pre-2014 borders, when Russia first took control of Crimea.
Speaking at a meeting of the Ukrai… [+2780 chars]"
"{'id': None, 'name': 'BBC News'}",,"'Trump is a dark horse': Russians on the invasion of Ukraine, three years on",A BBC team asking Russians about their invasion of Ukraine draws police and state TV attention.,https://www.bbc.com/news/articles/ckgd0vdg34qo,https://ichef.bbci.co.uk/news/1024/branded_news/7f2c/live/0b5d9520-f05a-11ef-a319-fb4e7360c4ec.png,2025-02-22T00:31:44Z,"Steve Rosenberg
Recruitment posters for the invasion of Ukraine are everywhere in Russia
Driving into Tver, the first thing I notice are the soldiers.
They're everywhere. On billboards, the sides … [+5019 chars]"
"{'id': None, 'name': 'Gizmodo.com'}",Matthew Gault,Putin Dangles a Nuclear Arms Treaty While Accusing Ukraine of ‘Hysteria’,"As the U.S. and Russia decide the future of Ukraine without Kyiv, Putin teases the world with the possibility of nuclear arms control talks.",https://gizmodo.com/putin-dangles-a-nuclear-arms-treaty-while-accusing-ukraine-of-hysteria-2000566461,https://gizmodo.com/app/uploads/2024/09/Vladimir-Putin-at-a-meeting-at-the-Kremlin.jpg,2025-02-20T20:05:47Z,"The last remaining nuclear arms control treaty between the U.S. and Russia will expire in February 2026. While answering questions in St. Petersburg, Russian President Vladimir Putin dangled the poss… [+4198 chars]"
"{'id': None, 'name': 'BBC News'}",,"A weekend of frantic talks - where does it leave Zelensky, Trump and Europe",Where does a weekend of European support for Ukraine leave Zelensky's US relations after White House row?,https://www.bbc.com/news/articles/c62k9rr2wgvo,https://ichef.bbci.co.uk/news/1024/branded_news/ef8c/live/12e07c20-f818-11ef-8dde-aff9d405c81c.png,2025-03-03T12:04:47Z,"Laura Gozzi
Thomas Mackintosh
Ukrainian President Volodymyr Zelensky is back in Kyiv after three frantic days, which saw him ordered to leave the White House on Friday after a tense and public show… [+6019 chars]"
"{'id': None, 'name': 'BBC News'}",,'It's a new reality' - US stance on Ukraine a bitter blow to Zelensky,The BBC's Defence correspondent breaks down a drastic shift in Washington's position on the war in Ukraine.,https://www.bbc.com/news/videos/c334kyl37jmo,https://ichef.bbci.co.uk/news/1024/branded_news/3010/live/7ee63930-e974-11ef-a819-277e390a7a08.jpg,2025-02-12T19:14:09Z,"European nations must provide the ""overwhelming"" share of funding for Ukraine, the new US Defence Secretary has said, as he signalled a drastic shift in Washington's position on the war.
The BBC's D… [+145 chars]"
"{'id': None, 'name': 'BBC News'}",,EU leaders to hold defence summit in Paris,Leaders are also expected to discuss how the EU can further support Kyiv after the US suspended aid to Ukraine.,https://www.bbc.com/news/articles/c3w14gw3wwlo,https://ichef.bbci.co.uk/news/1024/branded_news/f712/live/fbb65b20-fa04-11ef-8253-81408cbb565c.jpg,2025-03-06T00:34:07Z,"European leaders are gathering in Brussels on Thursday for a special council on defence, as France's President Emmanuel Macron warned that the continent was at a ""turning point of history"".
As well … [+5168 chars]"
"{'id': None, 'name': 'BBC News'}",,Fact-checking Trump claims about war in Ukraine,President Donald Trump appeared to accuse Ukraine of being responsible for the war with Russia.,https://www.bbc.com/news/articles/c9814k2jlxko,https://ichef.bbci.co.uk/news/1024/branded_news/ca29/live/407c7240-eeba-11ef-b016-3f382c6f5494.jpg,2025-02-19T12:37:01Z,"Matt Murphy &amp; Jake Horton
US President Donald Trump has appeared to accuse Ukraine of being responsible for the war with Russia, in a flurry of claims from his Mar-a-Lago mansion in Florida.
Sp… [+5942 chars]"
"{'id': None, 'name': 'BBC News'}",,Trump echoes Russia as he upends US position on Ukraine,"While the sudden change in US foreign policy is dramatic, the president has been charting this course for years.",https://www.bbc.com/news/articles/c36wn949jxno,https://ichef.bbci.co.uk/news/1024/branded_news/782a/live/5616bb60-ef05-11ef-a319-fb4e7360c4ec.jpg,2025-02-19T22:26:32Z,"Anthony Zurcher
Trump questioned on Ukraine not being invited to US-Russia talks
If there were any lingering doubts about Donald Trump's view of the Ukraine war and America's support of Kyiv's figh… [+6953 chars]"
"{'id': None, 'name': 'BBC News'}",,Zelensky says no peace deal without Ukraine involvement,Ukraine's president says he will not be shut out of peace negotiations after Trump says he agreed to start talks with Putin.,https://www.bbc.com/news/articles/ckg051z21zno,https://ichef.bbci.co.uk/news/1024/branded_news/45f0/live/87caeef0-ea33-11ef-a015-eba4114b2547.jpg,2025-02-13T19:18:20Z,"André Rhoden-Paul
Ukraine will not accept any peace deal agreed by the US and Russia without its involvement, President Volodymyr Zelensky has said, after Donald Trump and Vladimir Putin pledged to … [+3775 chars]"
"{'id': None, 'name': 'BBC News'}",,British Army 'absolutely ready' if ordered to deploy to Ukraine,"It comes as 2,500 UK troops take part in Nato's largest exercise this year near Ukraine's border.",https://www.bbc.com/news/articles/c98143de75xo,https://ichef.bbci.co.uk/news/1024/branded_news/030a/live/6d3470b0-ee12-11ef-a819-277e390a7a08.jpg,2025-02-18T22:00:03Z,"Jonathan BealeReporting from
Galai, Romania
UK troops are taking part in exercise Steadfast Dart in Romania, Nato's largest exercise this year
The British Army has said it is ready to deploy to Uk… [+5740 chars]"
"{'id': None, 'name': 'BBC News'}",,Can Europe deter Russia in Ukraine without US military?,"Donald Trump will not get involved in security guarantees for Ukraine, but can Europe fill the gap?",https://www.bbc.com/news/articles/czjeejw9z4zo,https://ichef.bbci.co.uk/news/1024/branded_news/f763/live/65e7ada0-f5e6-11ef-9e61-71ee71f26eb1.jpg,2025-02-28T16:16:32Z,"Jonathan Beale
Donald Trump appears to have more confidence in the capabilities of Britain's armed forces than some of his own generals - or, for that matter, many of Britain's retired military top … [+5215 chars]"
"{'id': None, 'name': 'BBC News'}",,Trump says Russians 'have the cards' in peace talks,The US leader tells the BBC he trusts that Moscow wants to see an end to the war in Ukraine.,https://www.bbc.com/news/articles/cvgwddmjyvzo,https://ichef.bbci.co.uk/news/1024/branded_news/243d/live/6971e490-ef3d-11ef-8bde-a7ab60efcb0c.jpg,2025-02-20T04:25:11Z,"Donald Trump says he believes Russia ""have the cards"" in any peace talks to end the war in Ukraine because they have ""taken a lot of territory"".
The US president told the BBC he trusted that Moscow … [+2354 chars]"
"{'id': None, 'name': 'BBC News'}",,Could Europe fill the gap if the US cuts support for Ukraine?,"If America were to withdraw its military support for Ukraine, how big of a hole would it leave?",https://www.bbc.com/news/videos/ckg84kpw5jwo,https://ichef.bbci.co.uk/news/1024/branded_news/18ee/live/898dfd50-f879-11ef-8c03-7dfdbeeb2526.jpg,2025-03-03T21:58:37Z,"If America were to withdraw its military support for Ukraine, how big of a hole would it leave? Ukraine does produce some of its own weaponry, but it relies heavily on US and European support. 
BBC … [+68 chars]"
"{'id': None, 'name': 'BBC News'}",,PM 'ready' to put troops on ground in Ukraine to protect peace,"Sir Keir Starmer said securing a lasting peace in Ukraine was ""essential"" to deter Vladimir Putin from future aggression.",https://www.bbc.com/news/articles/c4gxgxl3grgo,https://ichef.bbci.co.uk/news/1024/branded_news/a360/live/29e9d9a0-ecb2-11ef-94d0-e3c6d7bf7c87.jpg,2025-02-16T22:37:54Z,"Sir Keir Starmer has said he is ""ready and willing"" to put UK troops on the ground in Ukraine as part of a possible peace process.
Writing in the Daily Telegraph, the UK prime minister said securing… [+1604 chars]"
"{'id': None, 'name': 'BBC News'}",,How much has the US given to Ukraine?,"President Trump has repeatedly claimed that the US has given over $300bn to Ukraine, but he is incorrect.",https://www.bbc.com/news/articles/crew8y7pwd5o,https://ichef.bbci.co.uk/news/1024/branded_news/94e6/live/84381380-f460-11ef-896e-d7e7fb1719a4.jpg,2025-02-27T13:26:01Z,"Nick Eardley
Emmanuel Macron and Donald Trump discussed support for Ukraine
Support for Ukraine has become a key issue since Donald Trump returned to the White House.
President Trump has made a nu… [+4290 chars]"
"{'id': None, 'name': 'BBC News'}",,Putin offers Russian and Ukrainian rare minerals to US,The proposal to give the US access to minerals would also include those from territories taken from Ukraine.,https://www.bbc.com/news/articles/c4gdx7488g5o,https://ichef.bbci.co.uk/news/1024/branded_news/27cd/live/c9070600-f362-11ef-b035-1784fd736ed6.jpg,2025-02-25T11:20:51Z,"Vitaliy ShevchenkoBBC Monitoring's Russia editor
Russian President Vladimir Putin said he is open to offering the US access to rare minerals, including from Russian-occupied Ukraine.
This comes aft… [+3056 chars]"
"{'id': None, 'name': 'BBC News'}",,Briton accused of fighting for Ukraine jailed in Russia for 19 years,James Scott Rhys Anderson is the first UK citizen to be convicted by Russia during the war with Ukraine.,https://www.bbc.com/news/articles/cvge8dnrge5o,https://ichef.bbci.co.uk/news/1024/branded_news/8244/live/6cf15f90-f9cb-11ef-9f72-45b1d71715b1.jpg,2025-03-05T17:24:57Z,"A British man accused by Russia of fighting for Ukraine has been jailed for 19 years by a Russian military court.
James Scott Rhys Anderson was reportedly captured in Russia's Kursk region last Nove… [+1691 chars]"
"{'id': None, 'name': 'BBC News'}",,Chris Mason: Starmer wins Trump over - but Ukraine uncertainty lingers,"No 10 thinks the talks were a success but questions remain on defence, our political editor writes.",https://www.bbc.com/news/articles/c871120g92ro,https://ichef.bbci.co.uk/news/1024/branded_news/a705/live/a5f2c780-f58d-11ef-aa8e-bb7a965ee4b3.jpg,2025-02-28T06:52:33Z,"The prime minister's appointment with President Donald Trump, a wildly unpredictable showman of very different political hue, could so easily have been awkward, even excruciating.
But it wasn't.
As… [+3401 chars]"
"{'id': None, 'name': 'BBC News'}",,"Ukraine must strike minerals deal, says Trump adviser",The comments overshadowed Zelensky's meeting with US envoy Keith Kellogg in Kyiv.,https://www.bbc.com/news/articles/ceqjn74gdwzo,https://ichef.bbci.co.uk/news/1024/branded_news/875e/live/0d660300-efd0-11ef-bd1b-d536627785f2.jpg,2025-02-20T19:59:06Z,"James Waterhouse
Ukrainian President Volodymyr Zelensky needs to return to the negotiating table and strike a deal on US access to Ukraine's critical minerals, White House national security adviser … [+4379 chars]"
"{'id': None, 'name': 'BBC News'}",,"I'll back Ukraine in talks with Trump, Starmer tells Zelensky",The prime minister called Ukraine's Volodymyr Zelensky for the second time in four days.,https://www.bbc.com/news/articles/c8rklvrnl7ro,https://ichef.bbci.co.uk/news/1024/branded_news/6576/live/cdc308d0-f130-11ef-9e61-71ee71f26eb1.jpg,2025-02-22T16:13:52Z,"Damian Grammaticas
Tom Symonds
Sir Keir Starmer will discuss the importance of Ukraine's sovereignty in talks with Donald Trump next week, he said in a call with the country's president.
The UK pr… [+3792 chars]"
"{'id': None, 'name': 'BBC News'}",,Ukraine needs US security guarantee to deter Putin - PM,The PM stresses the importance of US help but Trump suggests responsibility lies with Europe.,https://www.bbc.com/news/articles/c5ymvygpj7go,https://ichef.bbci.co.uk/news/1024/branded_news/16b5/live/4f2ffb60-f48f-11ef-b27c-cbb996f05222.jpg,2025-02-26T22:31:30Z,"Chris MasonReporting from
Travelling with the prime minister
Alice ThompsonSenior political producer
Sir Keir Starmer has reiterated his call for a US security guarantee in Ukraine to deter Vladim… [+4855 chars]"
"{'id': None, 'name': 'BBC News'}",,Ros Atkins on... the US-Ukraine mineral deal,The BBC's Analysis Editor Ros Atkins takes a look at what we know - and what we don't - about the US-Ukraine mineral deal.,https://www.bbc.com/news/videos/c86p3z123g4o,https://ichef.bbci.co.uk/news/1024/branded_news/1802/live/18155bc0-f462-11ef-8c03-7dfdbeeb2526.jpg,2025-02-26T16:54:02Z,"Ukraine says it has agreed to the terms of a major deal that would give the US access to its mineral deposits. 
But it reportedly does not give firm security guarantees to war-torn Ukraine. 
The BB… [+110 chars]"
"{'id': None, 'name': 'BBC News'}",,What key players want from Ukraine war talks,"BBC reporters analyse what European powers in Paris, and Russian and US officials in Saudi Arabia aim to achieve.",https://www.bbc.com/news/articles/cwypy119yzno,https://ichef.bbci.co.uk/news/1024/branded_news/2be3/live/a7d8a9c0-ed22-11ef-b057-d7115843701e.jpg,2025-02-17T17:01:58Z,"This could prove a defining week for the war in Ukraine, with two sets of hastily arranged talks taking place in Paris and Riyadh.
European leaders are meeting in France as they scramble for a respo… [+11129 chars]"
"{'id': None, 'name': 'BBC News'}",,Chris Mason: Colossal stakes for UK summit on Ukraine,"Sunday's summit of European leaders in London, to be attended by Ukraine's leader, is shaping up to be crucial, the BBC's political editor writes.",https://www.bbc.com/news/articles/cj6787zzg79o,https://ichef.bbci.co.uk/news/1024/branded_news/46b1/live/6fca34b0-f63f-11ef-896e-d7e7fb1719a4.jpg,2025-03-01T01:28:46Z,"In the immediate hours after those astonishing exchanges between Presidents Donald Trump and Volodymyr Zelensky in the White House, European leaders, one after another, offered their public support f… [+3190 chars]"
"{'id': None, 'name': 'BBC News'}",,Ukraine official says minerals deal agreed with US,"A senior Ukrainian official tells the BBC ""a number of good amendments"" have been agreed, while the US is yet to comment.",https://www.bbc.com/news/articles/c337461n3xlo,https://ichef.bbci.co.uk/news/1024/branded_news/8013/live/f3b316e0-f3c2-11ef-9843-25877e801f1e.png,2025-02-25T23:51:49Z,"Abdujalil Abdurasulov
Anthony Zurcher
Jaroslav Lukiv
Lorries carry ore from an a mine in central Ukraine. File photo
Ukraine has agreed the terms of a major minerals deal with the US, a senior of… [+4761 chars]"
"{'id': None, 'name': 'BBC News'}",,"Ukraine still 'ready' to sign US minerals deal, Zelensky says","Ukraine's president tells reporters that despite a fractious White House meeting, he is prepared for the deal to go ahead.",https://www.bbc.com/news/articles/c8j0ggm3mdwo,https://ichef.bbci.co.uk/news/1024/branded_news/033b/live/fb78eae0-f7bd-11ef-896e-d7e7fb1719a4.jpg,2025-03-02T23:22:41Z,"Watch: Mineral deal still ""ready to sign"", Zelensky tells the BBC
Volodymyr Zelensky has said he is still ""ready to sign"" a US-Ukraine minerals deal after leaving the White House without it being ag… [+4758 chars]"
"{'id': None, 'name': 'BBC News'}",,Watch: 'Unpleasant to see' - Ukrainians react to spat,"The meeting, which was meant to end with a minerals deal signing, instead descended into an argument over the Ukraine war.",https://www.bbc.com/news/videos/cqly6ydypzro,https://ichef.bbci.co.uk/news/1024/branded_news/8f77/live/8dd75510-f62f-11ef-9e61-71ee71f26eb1.jpg,2025-03-01T00:18:39Z,"Ukrainians have reacted to a clash between President Volodymyr Zelensky, US President Donald Trump and Vice-president JD Vance in the Oval Office.
During the fiery exchange, the US president accused… [+194 chars]"
"{'id': None, 'name': 'BBC News'}",,Ukraine end game: What each side wants from a peace deal,"Donald Trump's phone call with Putin has shocked both Ukraine's president Zelensky and allies alike, but is it enough to start peace talks?",https://www.bbc.com/news/articles/crlkypydyn6o,https://ichef.bbci.co.uk/news/1024/branded_news/c5a4/live/c4cd6dc0-eacc-11ef-869d-59d5dc42f7c7.jpg,2025-02-14T20:49:32Z,"Ukraine's future is the focus of the Munich Security Conference (MSC), just days after a shock phone call between US President Donald Trump and Russian President Vladimir Putin in which they agreed t… [+5756 chars]"
"{'id': None, 'name': 'BBC News'}",,Starmer backs Zelensky after Trump criticism,"The prime minister spoke to Zelensky on the phone and expressed support for ""Ukraine's democratically elected leader"".",https://www.bbc.com/news/articles/clyrnjrjrr5o,https://ichef.bbci.co.uk/news/1024/branded_news/2a2f/live/c61cc7d0-ef03-11ef-8ee5-598d194667cf.jpg,2025-02-19T20:48:09Z,"Joshua Nevett
Prime Minister Sir Keir Starmer has expressed support for Volodymyr Zelensky as a ""democratically elected leader"" after Donald Trump branded the Ukrainian president a ""dictator"".
Sir … [+5393 chars]"
"{'id': None, 'name': 'BBC News'}",,BBC Verify: Viral Donald Trump Jr audio highly likely AI fake,"A clip of Donald Trump Jr allegedly saying on his podcast that the US should have sent arms to Russia rather than Ukraine was very likely generated with AI, experts say.",https://www.bbc.com/news/videos/c36wwzpj1w7o,https://ichef.bbci.co.uk/news/1024/branded_news/a50f/live/29a01830-f53e-11ef-896e-d7e7fb1719a4.jpg,2025-02-27T19:41:26Z,"A widely shared clip of Donald Trump Jr allegedly saying on his podcast that the US should have sent arms to Russia rather than Ukraine has been very likely generated using AI, audio forensics expert… [+174 chars]"
"{'id': None, 'name': 'BBC News'}",,Trump offers Putin a way back in from the cold,The BBC's Steve Rosenberg analyses how one phone call between Moscow and DC has already upended east-west relations.,https://www.bbc.com/news/articles/c8ed3nk3n6ro,https://ichef.bbci.co.uk/news/1024/branded_news/c7c9/live/e930e680-e97b-11ef-ac30-7d72b02b7846.jpg,2025-02-12T20:16:21Z,"Steve Rosenberg, in Moscow
A single phone call will not magically end the war in Ukraine.
Talks may now get under way. Exactly when and how they will conclude isn't clear.
But President Vladimir P… [+2313 chars]"
"{'id': None, 'name': 'BBC News'}",,UK 'must do more' to share Europe security burden - ministers,The foreign and defence secretaries say not enough has been done in the past to confront Russian aggression.,https://www.bbc.com/news/articles/cgq0x30kkldo,https://ichef.bbci.co.uk/news/1024/branded_news/929b/live/fefe99c0-eb89-11ef-bac1-79259587e103.jpg,2025-02-15T11:57:53Z,"David Lammy and John Healey said the West had not responded well enough to Russian aggression in the past
The UK and EU must work together and ""do more"" to ""share the burden"" of security across Euro… [+3485 chars]"
"{'id': None, 'name': 'BBC News'}",,"Trump's treatment of Zelensky 'wrong', says Sunak","The White House's criticism of Zelensky was ""very hard to watch,"" the former prime minister told the BBC.",https://www.bbc.com/news/articles/ce30701e1eqo,https://ichef.bbci.co.uk/news/1024/branded_news/c93d/live/580643a0-f8fb-11ef-896e-d7e7fb1719a4.jpg,2025-03-04T17:02:18Z,"Sam Francis
Watch: Rishi Sunak says treatment of President Zelensky was ""wrong""
Donald Trump's treatment of Ukraine President Volodymyr Zelensky was ""wrong"", former prime minister Rishi Sunak has s… [+3619 chars]"
"{'id': None, 'name': 'BBC News'}",,'This is a catastrophe': Ukraine reacts to US military aid pause,"One Ukrainian politician urged Trump ""not to play with these dangerous issues because we're talking about lives"".",https://www.bbc.com/news/articles/cwydq82e7r1o,https://ichef.bbci.co.uk/news/1024/branded_news/ff09/live/da0646c0-f8dd-11ef-9628-add78e51db09.jpg,2025-03-04T10:10:20Z,"Hafsa Khalil
James Waterhouse
Ukrainians have voiced their shock and dismay at the US pausing its military aid to the country - what one politician called a ""dangerous"" situation.
""We'll see very … [+3296 chars]"
"{'id': None, 'name': 'BBC News'}",,Trump announces three-way talks on war in Munich,"But a Ukrainian official says talks on ending the war ""are not expected"" and Moscow does not comment.",https://www.bbc.com/news/articles/cy5k6gk50qvo,https://ichef.bbci.co.uk/news/1024/branded_news/1724/live/b36d8b40-ea87-11ef-a819-277e390a7a08.jpg,2025-02-14T05:17:22Z,"Anthony ZurcherNorth America correspondent
Jaroslav Lukiv
President Donald Trump has announced that US, Russian and Ukrainian officials will meet at a security conference in Munich on Friday for ta… [+4654 chars]"
"{'id': None, 'name': 'BBC News'}",,Trump commends Zelensky ahead of White House talks,"The US leader plays down earlier frictions and predicts a ""very good meeting"" on Friday.",https://www.bbc.com/news/articles/cqjdd2ej4peo,https://ichef.bbci.co.uk/news/1024/branded_news/879b/live/d0eb21e0-f564-11ef-9d3f-a98e005b5459.jpg,2025-02-28T00:56:41Z,"Patrick Jackson
Volodymyr Zelensky stopped off at Shannon Airport in Ireland on Thursday en route to the US
US President Donald Trump has said he has a ""lot of respect"" for Ukrainian President Volo… [+5480 chars]"
"{'id': None, 'name': 'BBC News'}",,Zelensky says Trump living in Russian 'disinformation space',Donald Trump's suggestion that Kyiv started the war and the Ukrainian leader is unpopular draws a sharp response.,https://www.bbc.com/news/articles/cvg1508r8jro,https://ichef.bbci.co.uk/news/1024/branded_news/f4c4/live/76157ef0-eebb-11ef-ba19-ad5401ddcbbb.jpg,2025-02-19T15:38:12Z,"Ukrainian President Volodymyr Zelensky has responded to criticism of Kyiv by Donald Trump, by saying his US counterpart is ""living in a disinformation space"" created by Russia.
On Tuesday, President… [+3921 chars]"
"{'id': None, 'name': 'BBC News'}",,'No durable peace' in Ukraine if Europe not in talks - minister,"Business Secretary Jonathan Reynolds says the UK could act as a ""bridge"" between the US and Europe.",https://www.bbc.com/news/articles/cy9l7zn8n79o,https://ichef.bbci.co.uk/news/1024/branded_news/19cb/live/5d460cc0-ec52-11ef-80e1-1702d1dcc3fa.jpg,2025-02-16T11:06:32Z,"There can be ""no durable peace"" in Ukraine without the involvement of European nations in any talks to end the war with Russia, the business secretary has told the BBC.
Jonathan Reynolds downplayed … [+1614 chars]"
"{'id': None, 'name': 'BBC News'}",,'It never should have happened' Americans frustrated by Trump-Zelensky spat,American voters expressed frustration at one or both leaders for their roles in the dispute that shocked the world.,https://www.bbc.com/news/articles/cvg17jmm5vxo,https://ichef.bbci.co.uk/news/1024/branded_news/b437/live/e5d74780-f85e-11ef-9e61-71ee71f26eb1.jpg,2025-03-03T19:39:07Z,"Ana Faguy &amp; Max Matza
The shocking blow-up between US President Donald Trump and Ukrainian President Volodymyr Zelensky continues to ripple across the globe, including though American voters who… [+4875 chars]"
"{'id': None, 'name': 'BBC News'}",,Macron walks tightrope with Trump as he makes Europe's case on Ukraine,"The French president navigated a White House meeting, which came as Europe-US relations are strained over the war.",https://www.bbc.com/news/articles/cvg592557vgo,https://ichef.bbci.co.uk/news/1024/branded_news/7b9c/live/ee48fc60-f318-11ef-896e-d7e7fb1719a4.jpg,2025-02-25T01:47:56Z,"Relations between Europe and the US are unquestionably in crisis, so merely keeping things together as French President Emmanuel Macron did at the White House on Monday stands as an achievement.
He … [+3730 chars]"
"{'id': None, 'name': 'BBC News'}",,Tens of thousands fighting for Russia dying unnoticed on Ukraine frontline,The Kremlin’s recruitment policy is shielding society from the true impact of war.,https://www.bbc.com/news/articles/cgkm7lly61do,https://ichef.bbci.co.uk/news/1024/branded_news/7fb8/live/d0bae4c0-f06f-11ef-8c03-7dfdbeeb2526.png,2025-02-23T01:24:37Z,"Olga Ivshina
Daniil Dudnikov was mobilised to fight in the war while studying at Donetsk National University
Over 95,000 people fighting for Russia's military have now died as the war in Ukraine en… [+6825 chars]"
"{'id': None, 'name': 'BBC News'}",,Ukrainians back Zelensky after disastrous White House encounter,"The more the country is attacked, the more unity there is, Ukrainians tell the BBC in Kyiv.",https://www.bbc.com/news/articles/cgr2g4n4wvdo,https://ichef.bbci.co.uk/news/1024/branded_news/01e5/live/7c960af0-f696-11ef-8c03-7dfdbeeb2526.jpg,2025-03-01T12:03:47Z,"James Waterhouse
Watch: 'Unpleasant to see' - Ukrainians react to Trump and Zelensky's spat
Whether or not President Volodymyr Zelensky was ambushed or should have been more diplomatic in the Oval … [+5913 chars]"
"{'id': None, 'name': 'BBC News'}",,"Global democracy under threat because of US isolation, says former PM Major","Sir John Mayor says US policy will embolden Russia and China, with gains since the fall of the Soviet Union being reversed.",https://www.bbc.com/news/articles/c4gwngxdd1vo,https://ichef.bbci.co.uk/news/1024/branded_news/b50d/live/7a668bf0-ec7e-11ef-a752-01fd95f2553a.jpg,2025-02-16T17:16:06Z,"Sir John Major has warned that democracy is under threat as the United States steps back from its leading role in the world.
The former prime minister told the BBC that US President Donald Trump's p… [+2922 chars]"
"{'id': None, 'name': 'BBC News'}",,John Simpson: 2025 could be year for the history books as Trump shreds global norms,"Like 1968 or 1989, this could be a year when the world changes in a fundamental way.",https://www.bbc.com/news/articles/cd0ng4eyr3xo,https://ichef.bbci.co.uk/news/1024/branded_news/f433/live/c8c78fc0-f164-11ef-afbd-5d6789bb6e08.jpg,2025-02-23T12:17:49Z,"John Simpson
Just occasionally, there are years when the world goes through some fundamental, convulsive change. 1968, with the Soviet invasion of Czechoslovakia, the Paris riots and the anti-Vietna… [+6822 chars]"
"{'id': None, 'name': 'BBC News'}",,Trump calls Zelensky a 'dictator' as rift between two leaders deepens,The comments come as the latest salvo in a public war of words between the US and Ukrainian leaders.,https://www.bbc.com/news/articles/cjev2j70v19o,https://ichef.bbci.co.uk/news/1024/branded_news/8c48/live/3f40a830-ef0d-11ef-a819-277e390a7a08.png,2025-02-19T20:52:57Z,"Trump arriving in Miami on Air Force One 
President Trump has launched a fresh attack on Ukraine's President Volodymyr Zelensky, calling him a ""dictator"" and deepening the rift between the two leade… [+4518 chars]"
"{'id': None, 'name': 'NPR'}",The Associated Press,"UK, France and Ukraine agree to work on ceasefire plan for Russia's war in Ukraine","Britain, France and Ukraine have agreed to work on a ceasefire plan to present to the U.S., British Prime Minister Keir Starmer said Sunday as he prepared to host a summit of European leaders.",https://www.npr.org/2025/03/02/g-s1-51585/uk-france-ukraine-ceasefire-plan,https://npr.brightspotcdn.com/dims3/default/strip/false/crop/2620x1474+0+137/resize/1400/quality/100/format/jpeg/?url=http%3A%2F%2Fnpr-brightspot.s3.amazonaws.com%2Fb1%2F77%2F9071b5434155b3ae9690a221916e%2Fap25060691075053.jpg,2025-03-02T11:08:50Z,"LONDON Britain, France and Ukraine have agreed to work on a ceasefire plan to present to the United States, British Prime Minister Keir Starmer said Sunday as he prepared to host a summit of European… [+5773 chars]"
"{'id': None, 'name': 'NPR'}",Joanna Kakissis,Access to Ukraine's rare earths may help keep U.S. aid flowing,"As the Trump administration publicly hammers out its plans on the Ukraine war, it's also pressing Ukraine for deals in exchange for more aid — including giving the U.S. mining rights for rare earths.",https://www.npr.org/2025/02/14/g-s1-49120/ukraine-rare-earths-us-aid,https://npr.brightspotcdn.com/dims3/default/strip/false/crop/7970x4483+0+638/resize/1400/quality/100/format/jpeg/?url=http%3A%2F%2Fnpr-brightspot.s3.amazonaws.com%2F4a%2Ff4%2F8a2f791146fbaaa90e8fda30c32a%2Fgettyimages-2198903634.jpg,2025-02-14T22:28:09Z,"KYIV As the Trump administration publicly hammers out its plans on ending Russia's war on Ukraine, it's also pressing Ukraine for deals in exchange for more aid.
One deal in the works would hand the… [+4673 chars]"
"{'id': None, 'name': 'NPR'}",Joanna Kakissis,Zelenskyy hits back against Trump's comments blaming Ukraine for the war with Russia,"Ukraine's President Volodymyr Zelenskyy said he wants the U.S. to stop using disinformation when talking about Russia's war on Ukraine, after President Trump accused Ukraine of starting the war.",https://www.npr.org/2025/02/19/nx-s1-5302023/ukraine-zelenskyy-trump-russia-war,https://npr.brightspotcdn.com/dims3/default/strip/false/crop/4660x2621+0+243/resize/1400/quality/100/format/jpeg/?url=http%3A%2F%2Fnpr-brightspot.s3.amazonaws.com%2Fa1%2F82%2Fb89aac2b4d6c99f7186b5ecbf6e0%2Fgettyimages-2199840881.jpg,2025-02-19T17:50:52Z,"KYIV Ukraine's President Volodymyr Zelenskyy said Wednesday that he wants the U.S. to stop using disinformation when talking about Russia's war on Ukraine, after President Donald Trump accused Ukrain… [+2002 chars]"
"{'id': None, 'name': 'NPR'}",Greg Myre,"Reversing U.S. policy, Trump attacks Zelenskyy, blames Ukraine for war with Russia","The U.S. has been the strongest supporter of Ukraine in its war with Russia. Yet with a series of blunt comments, President Trump now sounds more aligned with Russia than Ukraine.",https://www.npr.org/2025/02/20/g-s1-49858/reversing-u-s-policy-trump-attacks-zelenskyy-blames-ukraine-for-war-with-russia,https://npr.brightspotcdn.com/dims3/default/strip/false/crop/4604x2590+0+193/resize/1400/quality/100/format/jpeg/?url=http%3A%2F%2Fnpr-brightspot.s3.amazonaws.com%2F41%2Fc5%2F47ab061e45879ddd8838120ac757%2Fzelenskyy-trump-2019-gettyimages-1171051394.jpg,2025-02-20T22:08:25Z,"WASHINGTON and KYIV For the past three years, the U.S. has been Ukraine's leading supporter in its war with Russia. Yet with a series of blunt comments, President Trump is now sounding more aligned w… [+5136 chars]"
"{'id': None, 'name': 'BBC News'}",,Chris Mason: Starmer is helping to shape talks but path to peace could be long,"The gathering of European leaders took on greater significance after Trump and Zelenksy's flare up in the Oval Office, political editor Chris Mason writes.",https://www.bbc.com/news/articles/c39vxz87je9o,https://ichef.bbci.co.uk/news/1024/branded_news/cb4f/live/a894af40-f7c1-11ef-b323-d7847687fe0b.jpg,2025-03-03T05:55:45Z,"Russia, watching on, teased that this was an anti-Trump gathering, skilfully picking away at the vulnerability of a divided West.
Sir Keir and others were insistent it was nothing of the sort. The p… [+1466 chars]"
"{'id': None, 'name': 'BBC News'}",,PM pays tribute to British troops after Vance comments,"US vice-president has faced criticism for saying ""20,000 troops from some random country"" will not deter Putin.",https://www.bbc.com/news/articles/cz9nkz928v9o,https://ichef.bbci.co.uk/news/1024/branded_news/e7d8/live/a3581d80-f9c1-11ef-bce9-d39859b1c2ba.jpg,2025-03-05T13:25:02Z,"Becky Morton
Sir Keir Starmer has paid tribute to British veterans who fought in Iraq, after US Vice-President JD Vance was accused of disrespecting UK troops. 
Without directly referring to Vance'… [+3401 chars]"
"{'id': None, 'name': 'BBC News'}",,UK to hike defence spending to 2.5% of GDP by 2027,The prime minister says he will cut the UK's aid budget to fund the rise in defence spending.,https://www.bbc.com/news/articles/clyrkkv4gd7o,https://ichef.bbci.co.uk/news/1024/branded_news/d782/live/48285590-f379-11ef-958e-8b9bf28c4572.jpg,2025-02-25T13:06:39Z,"Prime Minister Sir Keir Starmer has set out plans to increase defence spending to 2.5% of national income by 2027, as peace talks to end the war in Ukraine gather pace.
The PM said he would cut the … [+901 chars]"
"{'id': None, 'name': 'BBC News'}",,Zelensky calls for creation of an 'army of Europe',The Ukrainian president suggests Europe can no longer rely on the US to come to its defence.,https://www.bbc.com/news/articles/cvgl27x74wpo,https://ichef.bbci.co.uk/news/1024/branded_news/3411/live/3a165440-eb8e-11ef-bac1-79259587e103.png,2025-02-15T11:15:40Z,"Ukraine's President Volodymyr Zelensky has called for the creation of an ""army of Europe"" to guard against Russia as he suggested the US may no longer come to the continent's aid.
Speaking at the Mu… [+1174 chars]"
"{'id': None, 'name': 'BBC News'}",,'Gruesome sell-out or a chance to lead': What will happen when Starmer visits Trump?,What could happen when Sir Keir Starmer visits the White House next Thursday?,https://www.bbc.com/news/articles/c3w16l6xx39o,https://ichef.bbci.co.uk/news/1024/branded_news/781e/live/041ae6d0-f070-11ef-896e-d7e7fb1719a4.png,2025-02-22T16:29:37Z,"The next seven days really matter.
""The most negative thing would be a gruesome sell-out of Ukraine and we get slapped with tariffs,"" says a source involved in working out the best moves for No 10 a… [+8944 chars]"
"{'id': None, 'name': 'BBC News'}",,Watch: Trump welcomes prime minister to the White House,The highly anticipated meeting between the two leaders began with a question and answer with the press.,https://www.bbc.com/news/videos/c0mwwpwrw14o,https://ichef.bbci.co.uk/news/1024/branded_news/0168/live/cc6974b0-f540-11ef-9e61-71ee71f26eb1.jpg,2025-02-27T19:39:08Z,"US President Donald Trump has welcomed UK Prime Minister Sir Keir Starmer to the White House, commencing a highly anticipated meeting between the two leaders. 
Sir Keir's visit comes days after Fran… [+201 chars]"
"{'id': None, 'name': 'BBC News'}",,Ros Atkins on... the fight for Ukraine's critical minerals,The BBC's Analysis Editor Ros Atkins looks at why the US wants access to Ukraine's minerals.,https://www.bbc.com/news/videos/czx7d0e70dxo,https://ichef.bbci.co.uk/news/1024/branded_news/7c25/live/0a2e82e0-efc9-11ef-a319-fb4e7360c4ec.jpg,2025-02-20T20:39:20Z,"Donald Trump thinks Ukraine owes the US a substantial slice of its vast mineral resources in exchange for its military support during Kyiv's war with Russia.
Ukrainian President Volodymyr Zelensky h… [+192 chars]"
"{'id': 'business-insider', 'name': 'Business Insider'}","Jake Epstein,Matthew Loh","Inside Ukraine's race to crank out unjammable, fiber-optic drones that can break through Russia's electronic warfare",Ukraine is ramping up fiber-optic drone production to counter Russian electronic warfare.,https://www.businessinsider.com/ukraine-unjammable-fiber-optic-drone-keep-pace-russia-2025-1,https://i.insider.com/679ce356196626c40985f296?width=1200&format=jpeg,2025-02-07T10:06:02Z,"A Ukrainian-made fiber-optic drone flies at an undisclosed location in the Kyiv region on January 29.AP Photo/Efrem Lukatsky
<ul><li>Ukrainian companies are increasing the production of fiber-optic … [+10144 chars]"
"{'id': None, 'name': 'BBC News'}",,Macron to warn Trump against looking weak to Putin,The French president is at the White House to appeal to Trump against rushing into a deal with Russia.,https://www.bbc.com/news/articles/cpwd2001d10o,https://ichef.bbci.co.uk/news/1024/branded_news/6799/live/732f4ed0-f2b4-11ef-8c03-7dfdbeeb2526.jpg,2025-02-24T15:09:37Z,"Jacqueline Howard
Trump and Macron shared a handshake when they met for December's reopening of Notre-Dame cathedral in Paris 
French President Emmanuel Macron is due to meet Donald Trump in Washin… [+3812 chars]"
"{'id': None, 'name': 'BBC News'}",,Weekly quiz: What did the kayaker feel on his face when swallowed by a whale?,How much attention did you pay to what else has been going on in the world over the past seven days?,https://www.bbc.com/news/articles/cwydl3pnqq8o,https://ichef.bbci.co.uk/news/1024/branded_news/85cd/live/099737d0-efbc-11ef-a319-fb4e7360c4ec.jpg,2025-02-20T19:09:11Z,"This week saw the US president appear to blame Ukraine for starting its war with Russia, a Liverpool fan scoring the first goal at Everton's new stadium and the discovery of a pharaoh's tomb for the … [+189 chars]"
"{'id': None, 'name': 'NPR'}",Scott Neuman,5 signs that a U.S.-Europe split is widening,"As the Trump administration ramps up its rhetoric against Ukraine and NATO, European countries are taking note — with increasing alarm.",https://www.npr.org/2025/02/25/nx-s1-5307012/europe-nato-us-ukraine-russia-eu,https://npr.brightspotcdn.com/dims3/default/strip/false/crop/3840x2160+0+400/resize/1400/quality/100/format/jpeg/?url=http%3A%2F%2Fnpr-brightspot.s3.amazonaws.com%2F51%2Fca%2F538f87044d7593ab792b5553e09d%2Fgettyimages-2198812886.jpg,2025-02-25T10:00:00Z,"Following the Russian invasion of Ukraine three years ago, there was plenty of talk about the revitalization of the NATO alliance in response to Kremlin aggression.
The alliance had grown languid in… [+6936 chars]"
"{'id': 'business-insider', 'name': 'Business Insider'}",Jake Epstein,Ukraine's drone makers are turning up production for a weapon they once thought would never work,"Ukraine and Russia are both operating fiber-optic drones, which can't be jammed with traditional electronic warfare tactics.",https://www.businessinsider.com/ukraines-drone-makers-producing-fiber-optic-weapons-didnt-think-possible-2025-2,https://i.insider.com/67ae0e1ceb4be2fff9a487a7?width=1200&format=jpeg,2025-02-14T10:22:02Z,"A fiber-optic drone is seen in the Kyiv region in January.NurPhoto/NurPhoto via Getty Images
<ul><li>Ukraine's defense industry is boosting the production of fiber-optic drones.</li><li>These drones… [+6034 chars]"
"{'id': 'business-insider', 'name': 'Business Insider'}",Thibault Spirlet,Ukraine says it's taken the top spot in the race to make combat drones,"Data on which country makes the most combat drones is unclear, but Ukraine is making millions of these things.",https://www.businessinsider.com/ukraine-says-world-largest-producer-tactical-strategic-drones-war-russia-2025-2,https://i.insider.com/67bc55a4c832c3638fa4fe4d?width=1200&format=jpeg,2025-02-25T10:36:49Z,"A Ukrainian soldier with a drone in Donetsk Oblast on February 19, 2025.Wolfgang Schwan/Anadolu via Getty Images
<ul><li>Ukraine has become the largest producer of tactical and strategic drones, its… [+3891 chars]"
"{'id': 'business-insider', 'name': 'Business Insider'}",sbaker@insider.com (Sinéad Baker),Trump's Ukraine play could free up Russia to set its ramped-up war machine on other countries,Stopping aid to Ukraine at a time when Russia's military spending and production is so high could result in a dangerous situation for the West.,https://www.businessinsider.com/bad-time-stop-aid-ukraine-russia-war-machine-fired-up-2025-3,https://i.insider.com/67c6033eb1834fe311660048?width=1200&format=jpeg,2025-03-04T11:48:33Z,"Russia is hurtingafter years of fighting in Ukraine, but its war machine has dangerously ramped up. Taking the pressure off its army could set Moscow up to pick new fights in Europe, current and form… [+6421 chars]"
"{'id': None, 'name': 'NPR'}",Charles Maynes,"U.S. and Russia discuss ending Ukraine war, without Kyiv",The talks build on last week's phone call between President Trump and Russian leader Vladimir Putin during which the two leaders agreed to work together towards a negotiated end to the war.,https://www.npr.org/2025/02/18/nx-s1-5300669/us-russia-ukraine-saudi-arabia-summit,https://npr.brightspotcdn.com/dims3/default/strip/false/crop/4531x2549+0+161/resize/1400/quality/100/format/jpeg/?url=http%3A%2F%2Fnpr-brightspot.s3.amazonaws.com%2F57%2F73%2Fc9a6ccfd4a36b5f7559315c08f27%2Fap25049341398165.jpg,2025-02-18T12:35:11Z,Senior U.S. and Russian delegations gathered for talks in the Saudi Arabian capital of Riyadh on Tuesday as the two sides began an initial round of high-stakes negotiations aimed at ending the war in… [+3742 chars]
"{'id': None, 'name': 'Ted.com'}","Ian Bremmer, contact@ted.com (TED)","Trump, Europe, Ukraine and the uncertain world order | Ian Bremmer","Headlines have been swirling as President Trump enters his second month back in office and his policies come into focus. In this urgent, fast-paced conversation, political scientist Ian Bremmer defines what we should pay attention to, digging into a newly fra…",https://www.ted.com/talks/ian_bremmer_trump_europe_ukraine_and_the_uncertain_world_order,https://pi.tedcdn.com/r/talkstar-assets.s3.amazonaws.com/production/talks/talk_146928/c94b768d-1815-46a9-bf7b-24ddd889e741/TEDExplains_Episode_Thumbnail_Trump-Europe-Ukraine.jpg?u%5Br%5D=2&u%5Bs%5D=0.5&u%5Ba%5D=0.8&u%5Bt%5D=0.03&quality=82c=1050%2C550&w=1050,2025-02-27T15:25:30Z,TED is supported by ads and partners00:00
"{'id': None, 'name': 'NPR'}",Brittney Melton,"Macron, Trump to discuss Ukraine peace plan. And, Greenpeace faces $300 million lawsuit","French President Emmanuel Macron is set to present the European peace plan for Ukraine to President Trump today. And, Greenpeace faces a lawsuit that could shut it down.",https://www.npr.org/2025/02/24/g-s1-50422/up-first-newsletter-emmanuel-macron-trump-ukraine-germany-friedrich-merz-greenpeace,https://npr.brightspotcdn.com/dims3/default/strip/false/crop/3888x2187+0+203/resize/1400/quality/100/format/jpeg/?url=http%3A%2F%2Fnpr-brightspot.s3.amazonaws.com%2F5d%2Fda%2Fe1842d674e919315e02d2e9a31d7%2Fgettyimages-2200739544.jpg,2025-02-24T11:47:07Z,"Good morning. You're reading the Up First newsletter. Subscribe here to get it delivered to your inbox, and listen to the Up First podcast for all the news you need to start your day.
Today's top st… [+5199 chars]"
"{'id': None, 'name': 'NPR'}",Lisa Hagen,A far-right influencer is getting invitations to travel with Trump Cabinet members,"Jack Posobiec, a prominent influencer, has a long history of promoting antisemitic and white supremacist content. He traveled to Ukraine with Treasury Secretary Scott Bessent last week.",https://www.npr.org/2025/02/21/nx-s1-5303473/jack-posobiec-bessent-hegseth-europe-influencer,https://npr.brightspotcdn.com/dims3/default/strip/false/crop/5955x3350+0+310/resize/1400/quality/100/format/jpeg/?url=http%3A%2F%2Fnpr-brightspot.s3.amazonaws.com%2F11%2F59%2F9c4b8a024f338c6047cc44e668f1%2Fgettyimages-2186528778.jpg,2025-02-21T10:00:00Z,Far-right activist Jack Posobiec who has a long history of promoting antisemitic and white supremacist content last week claimed that he joined top U.S. officials including Treasury Secretary Scott B… [+5619 chars]
"{'id': None, 'name': 'NPR'}",Steve Inskeep,Top Ukrainian official says Kyiv will refuse any 'bad' peace deal,"Ihor Brusylo, deputy head of Ukraine's President's Office, tells NPR Trump is a ""peacemaker and dealmaker,"" while expressing hope the U.S. continues to provide aid to Ukraine.",https://www.npr.org/2025/02/25/nx-s1-5306391/ukraine-official-ilhor-brusylo-trump-russia-europe,https://npr.brightspotcdn.com/dims3/default/strip/false/crop/5760x3240+0+300/resize/1400/quality/100/format/jpeg/?url=http%3A%2F%2Fnpr-brightspot.s3.amazonaws.com%2F3f%2Fe9%2F116a4b384156b8a58a0731f2a096%2Fap25055770626602.jpg,2025-02-25T10:00:00Z,"Three years since Russia launched its full-scale invasion of Ukraine, the United States and its European allies are sharply split over the war. The divide came into sharp focus Monday, when the U.S. … [+5410 chars]"
"{'id': 'business-insider', 'name': 'Business Insider'}",Mia Jankowicz,'Era of rearmament' as Europe turns on the defense spending taps,"European Commission president Ursula von der Leyen announced the plan allowing EU members to spend more on weapons, amid worsening US-Ukraine relations.",https://www.businessinsider.com/europe-boosting-defense-spending-ukraine-rearm-plan-trump-zelenskyy-2025-3,https://i.insider.com/67c6e68bb1834fe31166109d?width=1075&format=jpeg,2025-03-04T13:08:11Z,"European Commission president Ursula von der Leyen announced the plan on Tuesday.Thierry Monasse/Getty Images
<ul><li>The European Union announced plans to boost defense spending amid rising securit… [+1961 chars]"
"{'id': 'business-insider', 'name': 'Business Insider'}",Sinéad Baker,The West is hastily taking notes from Ukraine and gearing up for future drone wars,"Russia and Ukraine are heavily using drones, with the tactics and technology rapidly evolving. NATO nations are taking note and action.",https://www.businessinsider.com/nato-countries-acting-how-drones-used-by-russia-ukraine-2025-2,https://i.insider.com/67b729e4eb4be2fff9a517b4?width=1200&format=jpeg,2025-02-22T09:05:01Z,"Ukraine and Russia are constantly trying to innovate on the battlefield to maintain an edge over each other, and drones are key.Wolfgang Schwan/Anadolu via Getty Images
<ul><li>Drones are big in the… [+5974 chars]"
"{'id': None, 'name': 'NPR'}",Joanna Kakissis,The U.S. and Ukraine are close to agreeing on a framework deal for critical minerals,President Trump says Ukrainian President Volodymyr Zelenskyy will come to the U.S. Friday to sign a deal.,https://www.npr.org/2025/02/26/nx-s1-5309488/us-ukraine-critical-minerals-deal-trump-zelenskyy,https://npr.brightspotcdn.com/dims3/default/strip/false/crop/8640x4860+0+450/resize/1400/quality/100/format/jpeg/?url=http%3A%2F%2Fnpr-brightspot.s3.amazonaws.com%2F14%2F90%2F3b59efe34c5cbdf54354c40b2f34%2Fap25057502179023.jpg,2025-02-26T17:25:46Z,"KYIV, Ukraine Ukrainian President Volodymyr Zelenskyy announced that a framework deal with the United States on Ukraine's critical raw materials is nearing completion, though key details are still un… [+1377 chars]"
"{'id': None, 'name': 'BBC News'}",,The worrying pitfalls ahead of Starmer's US trip,"When Sir Keir Starmer touches down in Washington next week, he will be treading a fine diplomatic line.",https://www.bbc.com/news/articles/cq8yxenev9eo,https://ichef.bbci.co.uk/news/1024/branded_news/9551/live/89a69510-efcb-11ef-a819-277e390a7a08.jpg,2025-02-20T21:05:16Z,"When Sir Keir Starmer touches down in Washington next week, he will be treading a fine diplomatic line. 
He will want to maintain his support for President Volodymyr Zelensky and Ukraine's governmen… [+5161 chars]"
"{'id': None, 'name': 'VentureBeat'}",Dean Takahashi,Metro creator 4A Games rebrands as Reburn and unveils new title La Quimera,4A Games Ukraine is renaming itself as Reburn and unveiling a new intellectual property called La Quimera.,https://venturebeat.com/games/metro-creator-4a-games-rebrands-as-reburn-and-unveils-new-title-la-quimera/,https://venturebeat.com/wp-content/uploads/2025/02/la-quimera-a.jpg?w=1024?w=1200&strip=all,2025-02-27T15:00:00Z,"4A Games Ukraine put Ukraine on the game dev map with the Metro series. Now it is renaming itself as Reburn and is unveiling a new intellectual property called La Quimera.
While Metro took place in … [+6282 chars]"
"{'id': None, 'name': 'BBC News'}",,Can Europe still count on the US coming to its defence?,"Trump has engaged Putin and hinted the US may not defend European allies, causing alarm about Nato's future.",https://www.bbc.com/news/articles/c0l1w1w41xzo,https://ichef.bbci.co.uk/news/1024/branded_news/832f/live/df252540-efb4-11ef-aaf4-8ff5777c605e.jpg,2025-02-26T00:00:32Z,"Frances Mao
European leaders have been left stunned by the open rapprochement between US President Donald Trump and Russia's Vladimir Putin - and not-so-subtle hints that the US may abandon its obli… [+5998 chars]"
"{'id': 'time', 'name': 'Time'}",BRIAN MELLEY / AP,"U.K., France, and Ukraine Agree to Work On Cease-Fire Plan for Russia’s War in Ukraine","""Even while Russia talks about peace, they are continuing their relentless aggression,"" Starmer said at the opening of the meeting.",https://time.com/7263397/ukraine-russia-war-ceasefire-plan-european-leaders-summit/,https://api.time.com/wp-content/uploads/2025/03/AP25061526110696.jpg?quality=85&w=1200&h=628&crop=1,2025-03-02T15:52:32Z,LONDON British Prime Minister Keir Starmer told leaders gathered Sunday for a summit on the war in Ukraine that they need to step up and continue to support Kyiv and meet a once in a generation momen… [+6075 chars]
"{'id': None, 'name': 'NPR'}",Willem Marx,European leaders renew support for Ukraine after Zelenskyy's stormy meeting with Trump,"Leaders from across Europe came quickly to the defense of Ukrainian President Volodymyr Zelenskyy, after his televised clash with President Trump and Vice President Vance.",https://www.npr.org/2025/03/01/g-s1-51506/european-leaders-react-to-zelenskyy-oval-office,https://npr.brightspotcdn.com/dims3/default/strip/false/crop/7040x3960+0+364/resize/1400/quality/100/format/jpeg/?url=http%3A%2F%2Fnpr-brightspot.s3.amazonaws.com%2Fed%2F31%2Fa473365f440c9d4f02de0a044b92%2Fgettyimages-2201833361.jpg,2025-03-01T14:37:11Z,"PARIS Leaders from across Europe came quickly to the defense of Ukrainian President Volodymyr Zelenskyy, after his televised clash with President Trump and Vice President Vance.
Many of them publicl… [+6388 chars]"
"{'id': None, 'name': 'NPR'}",Suzanne Nuyen,"Linda McMahon faces confirmation hearing. And, Trump, Putin agree to meet","What to know about Trump's pick for education secretary, Linda McMahon, who faces her confirmation hearing today. And, Trump agrees to meet with Putin to kick off talks to end the war in Ukraine.",https://www.npr.org/2025/02/13/g-s1-48587/up-first-newsletter-linda-mcmahon-trump-putin-ukraine-consumer-financial-protection-bureau,https://npr.brightspotcdn.com/dims3/default/strip/false/crop/4642x2609+0+289/resize/1400/quality/100/format/jpeg/?url=http%3A%2F%2Fnpr-brightspot.s3.amazonaws.com%2Fb5%2Fd7%2Fa7d6fa234c848e2aa59300111daa%2Fgettyimages-2189084812.jpg,2025-02-13T11:35:05Z,"Good morning. You're reading the Up First newsletter. Subscribe here to get it delivered to your inbox, and listen to the Up First podcast for all the news you need to start your day.
Today's top st… [+5375 chars]"
"{'id': None, 'name': 'Yahoo Entertainment'}",,"In reversal, Trump says Russia attacked Ukraine",,https://consent.yahoo.com/v2/collectConsent?sessionId=1_cc-session_b7c8364b-76af-4e99-bff5-23326b9d24f2,,2025-02-21T18:10:13Z,"If you click 'Accept all', we and our partners, including 238 who are part of the IAB Transparency &amp; Consent Framework, will also store and/or access information on a device (in other words, use … [+702 chars]"
"{'id': None, 'name': 'NPR'}",Brittney Melton,"Trump's funding freeze threatens key river. And, U.S. votes against Ukraine peace plan","Trump's funding freezes could threaten the Colorado River. Some money was intended to keep the shrinking river flowing. And, the U.S. voted against a U.N. peace resolution for Ukraine.",https://www.npr.org/2025/02/25/g-s1-50573/up-first-newsletter-colorado-river-un-ukraine-resolution,https://npr.brightspotcdn.com/dims3/default/strip/false/crop/5154x2899+0+240/resize/1400/quality/100/format/jpeg/?url=http%3A%2F%2Fnpr-brightspot.s3.amazonaws.com%2Fb1%2F9f%2Fc65b21e74acba457a8d7c5c64d6e%2Fgettyimages-1494411405.jpg,2025-02-25T11:56:59Z,"Good morning. You're reading the Up First newsletter. Subscribe here to get it delivered to your inbox, and listen to the Up First podcast for all the news you need to start your day.
Today's top st… [+5510 chars]"
"{'id': None, 'name': 'NPR'}",Joanna Kakissis,"Meeting Trump at White House, Zelenksyy hopes for continued aid in war with Russia","It's the first face-to-face meeting between Zelenskyy and Trump since Trump's inauguration, and it comes about a week after Trump called Zelenskyy a dictator and repeated Kremlin talking points, including suggesting that Ukraine started the war with Russia.",https://www.npr.org/2025/02/28/nx-s1-5312880/trump-zelenskyy-minerals-ukraine-russia,https://npr.brightspotcdn.com/dims3/default/strip/false/crop/2585x1454+0+137/resize/1400/quality/100/format/jpeg/?url=http%3A%2F%2Fnpr-brightspot.s3.amazonaws.com%2F11%2Ffb%2Fc9eda5d14adaa96077dcb9baa451%2Fap25059059529453.jpg,2025-02-28T12:08:46Z,KYIV President Trump is set to meet Ukrainian President Volodymyr Zelenskyy at the White House today to sign a preliminary deal to give the U.S. access to Ukraine's critical raw materials in exchange… [+2309 chars]
"{'id': None, 'name': 'NPR'}",Eleanor Beardsley,"European leaders to meet about emerging transatlantic rift over security, Ukraine","European leaders are meeting in Paris to discuss an emerging transatlantic chasm over security and the war in Ukraine, while the U.S. will send negotiators to meet Russian diplomats in Saudi Arabia.",https://www.npr.org/2025/02/16/nx-s1-5299196/ukraine-talks,https://media.npr.org/include/images/facebook-default-wide-s1400-c100.jpg,2025-02-17T09:06:46Z,"PARIS, FranceEuropean leaders have called an emergency meeting in Paris Monday after the Trump administration has cut Europe out of negotiations on ending the war in Ukraine. 
The growing chasm betw… [+2023 chars]"
"{'id': None, 'name': 'BBC News'}",,Katya Adler: Far right looks for election breakthrough as Germany falters,The AfD party could become the second biggest in the German parliament after elections on Sunday.,https://www.bbc.com/news/articles/cn48y8xg53lo,https://ichef.bbci.co.uk/news/1024/branded_news/bb6d/live/68265e40-efec-11ef-91b1-2f08feec9ba1.jpg,2025-02-21T00:48:10Z,"Katya Adler
A political tidal wave is crashing across Germany. That's what the hard-right nationalist Alternative for Germany (AfD) party firmly believes.
It is labelled ""radical"", ""racist"" and ""an… [+9470 chars]"
"{'id': 'business-insider', 'name': 'Business Insider'}",Brent D. Griffiths,Trump and Zelenskyy got into a heated blow-up in the Oval Office. Now their mineral deal is in limbo.,"In an extraordinary scene, Volodymyr Zelenskyy and Donald Trump shouted at each other in the Oval Office.",https://www.businessinsider.com/white-house-statement-minerals-deal-trump-zelenskyy-oval-office-2025-2,https://i.insider.com/67c20d6eb1834fe31165d38b?width=1200&format=jpeg,2025-02-28T20:03:04Z,"Ukrainian President Volodymyr Zelenskyy, President Donald Trump, and Vice President JD Vance talk in the Oval Office.Andrew Harnik/Getty Images
<ul><li>A US-Ukraine rare Earth minerals deal is off f… [+3684 chars]"
"{'id': 'business-insider', 'name': 'Business Insider'}",tspirlet@insider.com (Thibault Spirlet),Ukraine is launching a new drone supply model to slash delivery times to troops,"The new model is designed to facilitate the ""fast and uninterrupted supply of the best UAVs for our soldiers,"" Ukraine's defense minister said.",https://www.businessinsider.com/ukraine-launches-new-supply-model-reduces-drone-delivery-to-weeks-2025-2,https://i.insider.com/67b86269eb4be2fff9a53507?width=1200&format=jpeg,2025-02-21T14:46:34Z,"Ukraine is launching a new drone supply model that aims to reduce delivery times to troops from months to weeks.
Rustem Umerov, the Ukrainian defense minister, announced the new system in a Facebook… [+1904 chars]"
"{'id': 'business-insider', 'name': 'Business Insider'}",insider@insider.com (Michael Peck),NATO should steal a page from Russia's air war against Ukraine,"Russian glide bombs give its air force ""teeth"" and it should be a wake-up call for NATO, two military analysts wrote.",https://www.businessinsider.com/nato-russia-glide-bombing-air-war-2025-3,https://i.insider.com/67c0a8c869253ccddf97cb23?width=1200&format=jpeg,2025-03-01T09:26:01Z,One of the surprises of the Ukraine war has been the marginal role played by Russian airpower. Expectations that Russian fighters and bombers would blast a path for the ground troops as US airpower d… [+5069 chars]
"{'id': None, 'name': 'BBC News'}",,Who's who in German elections and why this vote is important,German voters go to the polls on 23 February in a pivotal vote focused on immigration and the economy.,https://www.bbc.com/news/articles/cg5ynv58y8yo,https://ichef.bbci.co.uk/news/1024/branded_news/2a23/live/7672bd10-e59a-11ef-a319-fb4e7360c4ec.jpg,2025-02-08T14:14:00Z,"Paul Kirby
Friedrich Merz (L) is favourite to become the next chancellor but every German government has to form a coalition
German voters decide on 23 February who will run their next government, … [+7190 chars]"
"{'id': 'business-insider', 'name': 'Business Insider'}",Chris Panella,"Real drone warfare isn't like playing Call of Duty, a special Ukrainian unit says, but gamers make great drone pilots",Ukraine's special drone unit Typhoon said gamers have the skillset needed for the complexities and speed of drone operations.,https://www.businessinsider.com/drone-warfare-isnt-like-video-games-gamers-make-great-pilots-2025-2,https://i.insider.com/67a4fdbeeb4be2fff9a3ce5d?width=1200&format=jpeg,2025-02-06T21:09:19Z,"Typhoon, Ukraine's new specialized drone unit, plays a vital role in the larger military's ongoing adaptations to the proliferation of uncrewed systems on the battlefield.Typhoon unit/National Guard … [+5526 chars]"
"{'id': None, 'name': 'The Bulwark'}",Mark Hertling,Marco Rubio Is Walking into a Trap,Ukraine still has an opportunity to win the war—if the Trump administration will let it.,https://www.thebulwark.com/p/marco-rubio-is-walking-into-a-trap-ukraine-russia-lavrov,https://s.yimg.com/ny/api/res/1.2/luuRm_UaR04c_9PwuoRMJQ--/YXBwaWQ9aGlnaGxhbmRlcjt3PTEyMDA7aD04MDA-/https://media.zenfs.com/en/the_bulwark_articles_507/e7317ab981c272d7fe1970a32c183218,2025-02-18T07:44:39Z,"IM AN ETERNAL OPTIMIST. But my gut, informed by a career spent studying and implementing American foreign policy, tells me this week will not go well. Secretary of State Marco Rubio is set to meet Ru… [+9801 chars]"
"{'id': None, 'name': 'NPR'}",Charles Maynes,"3 years on, here's what to keep an eye on in the Ukraine war — and efforts to end it","Thousands of civilians have been killed since Russia launched its full-scale invasion on Feb. 24, 2022. Amid a stark shift in U.S. policy, Ukrainians want the war to end — but not on Russia's terms.",https://www.npr.org/2025/02/24/g-s1-50107/ukraine-war-3-years-russia-invasion,https://npr.brightspotcdn.com/dims3/default/strip/false/crop/7008x3942+0+365/resize/1400/quality/100/format/jpeg/?url=http%3A%2F%2Fnpr-brightspot.s3.amazonaws.com%2F2c%2Fbb%2F8f4bed4441b0a0be982b83dd616d%2Fdsc03013.jpg,2025-02-24T10:02:00Z,"KYIV, TBILISI AND PARIS Nearly every day for the last three years, Russian drones and missiles have hit Ukraine, striking power plants, hospitals, schools and homes.
""This is part of our life,"" says… [+9115 chars]"
"{'id': None, 'name': 'Slashdot.org'}",msmash,President Trump: UK Encryption Policy 'Something You Hear About With China',"President Trump has directly criticized the UK government's approach to encryption, comparing recent actions to those of China. Speaking to The Spectator, Trump said he confronted UK Prime Minister Keir Starmer about the Home Office's request for ""backdoor ac…",https://news.slashdot.org/story/25/02/28/1620208/president-trump-uk-encryption-policy-something-you-hear-about-with-china,https://a.fsdn.com/sd/topics/encryption_64.png,2025-02-28T16:40:00Z,"Volodymyr Zelenskyy's term ended quite a while ago, he has the legal status in Ukraine of ""some random guy, who for some reason is ordering troops around""
Look I know you don't care about the US Con… [+222 chars]"
"{'id': 'business-insider', 'name': 'Business Insider'}",Sinéad Baker,"Ukraine is making weapons 'faster and cheaper' than anywhere else in Europe — and that's a problem, Danish PM warns",Danish Prime Minister Mette Frederiksen warned Saturday that Europe must ramp up production efforts going forward.,https://www.businessinsider.com/europe-weapon-making-issue-highlighted-ukraine-being-faster-denmark-pm-2025-2,https://i.insider.com/67b1d5aa7bb3f854015d0c2c?width=1200&format=jpeg,2025-02-16T15:38:44Z,"A worker assembles mortar shells at a factory in Ukraine.AP Photo/Evgeniy Maloletka
<ul><li>Ukraine can make weaponry ""faster and cheaper"" than elsewhere in Europe, Denmark's prime minister said.</l… [+5323 chars]"
"{'id': None, 'name': 'BBC News'}",,Moscow back at the table - and appearing to call the shots,"Team Trump clearly wants to cut a deal with Moscow and move on, says the BBC's Sarah Rainsford.",https://www.bbc.com/news/articles/c9q4gw45nvdo,https://ichef.bbci.co.uk/news/1024/branded_news/bfb1/live/c5534940-ee32-11ef-9aaf-097164145943.jpg,2025-02-18T20:01:46Z,"Sarah RainsfordEastern Europe correspondent
The sight of senior Russian and American officials back around a giant negotiating table is extraordinary.
For many, most of all Ukrainians, it will have… [+2737 chars]"
"{'id': 'abc-news', 'name': 'ABC News'}",Alexandra Hutzler,Fact-checking Trump's claims on amount of US aid to Ukraine,"President Donald Trump, as he navigates the Russia-Ukraine war, is making false claims about the amount of aid the U.S. has given to support Ukraine.",https://abcnews.go.com/Politics/fact-checking-trumps-claims-amount-us-aid-ukraine/story?id=119167409,https://i.abcnewsfe.com/a/404d254e-7d93-406b-addb-af88686e8e64/trump-france-macron-ap-lv-250214_1740446568606_hpMain_16x9.jpg?w=1600,2025-02-25T19:57:12Z,"President Donald Trump, as he navigates trying to end the Russia-Ukraine war, is repeatedly making false claims about the amount of aid the U.S. has given to support Ukraine.
He did so as he met wit… [+2823 chars]"
"{'id': None, 'name': 'NPR'}",Domenico Montanaro,"In case you missed it: Here's what happened with Trump this week, from Ukraine to DOGE","NPR rounds up what happened this week, the fourth week of President Trump's administration, and takes a look at some developments that have been overlooked.",https://www.npr.org/2025/02/21/nx-s1-5304445/trump-week-doge-ukraine-eric-adams-new-york,https://npr.brightspotcdn.com/dims3/default/strip/false/crop/3888x2187+0+203/resize/1400/quality/100/format/jpeg/?url=http%3A%2F%2Fnpr-brightspot.s3.amazonaws.com%2F5d%2Fda%2Fe1842d674e919315e02d2e9a31d7%2Fgettyimages-2200739544.jpg,2025-02-21T10:00:00Z,"We'll be recapping what you need to know every Friday morning for the first 100 days of the Trump administration. Get more updates and analysis in the NPR Politics newsletter.
It's now been a month … [+12088 chars]"
"{'id': None, 'name': 'NPR'}",Brittney Melton,"European leaders pledge to back Ukraine. And, takeaways from the Oscars","Several global leaders pledged support for Ukrainian President Volodymyr Zelenskyy's efforts to stop Russia's war. And, heartfelt speeches, a big surprise and history were made at the Oscars.",https://www.npr.org/2025/03/03/g-s1-51744/up-first-newsletter-ukraine-volodymyr-zelenskyy-russia-oscars,https://npr.brightspotcdn.com/dims3/default/strip/false/crop/3692x2077+0+192/resize/1400/quality/100/format/jpeg/?url=http%3A%2F%2Fnpr-brightspot.s3.amazonaws.com%2F85%2F81%2F72cb65264a89a958d8d33230985c%2Fgettyimages-2202046253.jpg,2025-03-03T11:43:49Z,"Good morning. You're reading the Up First newsletter. Subscribe here to get it delivered to your inbox, and listen to the Up First podcast for all the news you need to start your day.
Today's top st… [+4756 chars]"
"{'id': 'business-insider', 'name': 'Business Insider'}",Jennifer Sor,Why Russia's economy may be even worse off after the war in Ukraine ends,"Russia appears to be ""addicted"" to military spending to keep its economy propped up, a think tank said this week.",https://www.businessinsider.com/russia-economy-outlook-inflation-labor-war-ukraine-defense-budget-oil-2025-2,https://i.insider.com/67a3c55e7bb3f854015be17c?width=1200&format=jpeg,2025-02-06T14:16:32Z,"ALEXANDER KAZAKOV/Getty Images
<ul><li>Russia's economic outlook won't brighten if the war in Ukraine ends, according to CEPA.</li><li>The research center thinks Russia has grown too reliant on mili… [+3297 chars]"
