date,volume
2022-01-01,102.82760227342136
2022-01-02,100.07544191287802
2022-01-03,104.42773444081519
2022-01-04,109.22666407104826
2022-01-05,100.86256403745709
2022-01-06,101.28395382842659
2022-01-07,110.77140061995466
2022-01-08,107.13249717212904
2022-01-09,101.36712667327326
2022-01-10,106.84556126828986
2022-01-11,102.23292195279144
2022-01-12,102.63749778261823
2022-01-13,106.59088098650118
2022-01-14,96.22827896459569
2022-01-15,97.58228999036723
2022-01-16,103.80613022014457
2022-01-17,101.96249251590673
2022-01-18,109.00525883500993
2022-01-19,103.29947242241141
2022-01-20,101.18174479882106
2022-01-21,115.97318139932514
2022-01-22,107.91563850221239
2022-01-23,109.77955675468532
2022-01-24,102.71328952650369
2022-01-25,107.5078569590314
2022-01-26,111.17465615277344
2022-01-27,105.25278826905262
2022-01-28,113.27130811754628
2022-01-29,108.77194473642987
2022-01-30,110.69615807197
2022-01-31,109.52266189145668
2022-02-01,122.16614538984255
2022-02-02,113.2077320178996
2022-02-03,108.35394502337769
2022-02-04,118.11923824184555
2022-02-05,108.26295753248918
2022-02-06,115.76872053934756
2022-02-07,105.27976101755785
2022-02-08,108.78729140638649
2022-02-09,116.75895850108995
2022-02-10,119.80965735396252
2022-02-11,117.31300137019564
2022-02-12,116.21284049254592
2022-02-13,115.61649600681324
2022-02-14,110.05627314379234
2022-02-15,114.1723932882829
2022-02-16,115.78694215131776
2022-02-17,123.68998831745712
2022-02-18,120.43235964865606
2022-02-19,110.20453988976055
2022-02-20,120.94114735524138
2022-02-21,117.69175157580361
2022-02-22,116.52437267271378
2022-02-23,123.25450500624456
2022-02-24,125.63352160298717
2022-02-25,125.41252430723672
2022-02-26,116.83277628198904
2022-02-27,119.75062528122238
2022-02-28,123.21585472143072
2022-03-01,126.6950862826947
2022-03-02,119.67423224410456
2022-03-03,121.38941956802215
2022-03-04,117.02846887784021
2022-03-05,116.81630978262659
2022-03-06,127.09189415658548
2022-03-07,130.03706500482585
2022-03-08,123.11704801150911
2022-03-09,128.7105886586043
2022-03-10,125.71148108899835
2022-03-11,120.88259129519568
2022-03-12,189.171798298392
2022-03-13,132.19154042937893
2022-03-14,124.51043611895014
2022-03-15,132.69536622766157
2022-03-16,111.95034626887302
2022-03-17,129.32982132279642
2022-03-18,125.82106697163209
2022-03-19,124.05057786352764
2022-03-20,126.15843767632971
2022-03-21,115.91002233291046
2022-03-22,124.89193396773558
2022-03-23,127.91245732678316
2022-03-24,133.64712321291506
2022-03-25,123.79120250079495
2022-03-26,122.45911462236849
2022-03-27,124.10594300152988
2022-03-28,131.29899076577044
2022-03-29,128.46708563981622
2022-03-30,124.26997027116103
2022-03-31,129.57463601451676
2022-04-01,127.57729734131485
2022-04-02,132.01282705661063
2022-04-03,123.731111236055
2022-04-04,125.66892474565394
2022-04-05,125.4066414880586
2022-04-06,120.10364786963646
2022-04-07,128.94996526112843
2022-04-08,128.81689148421006
2022-04-09,127.57355445204135
2022-04-10,126.40555690125235
2022-04-11,120.52629190275792
2022-04-12,125.51873571325608
2022-04-13,125.92138787838513
2022-04-14,123.63077314119398
2022-04-15,126.83715203613511
2022-04-16,129.65950096489314
2022-04-17,137.06011185373606
2022-04-18,128.48630295625202
2022-04-19,128.87972125264292
2022-04-20,127.19264865430223
2022-04-21,117.93831595343244
2022-04-22,127.36131430929915
2022-04-23,127.75119890166849
2022-04-24,139.71691137917784
2022-04-25,126.38407567842616
2022-04-26,128.79336316142613
2022-04-27,127.0464209594884
2022-04-28,121.30559313374185
2022-04-29,132.78679539165108
2022-04-30,130.75078486098874
2022-05-01,130.85950564672817
2022-05-02,122.2654716835765
2022-05-03,133.72933091481164
2022-05-04,119.60399384267232
2022-05-05,129.44041735095203
2022-05-06,137.34634068169748
2022-05-07,121.32441602502934
2022-05-08,123.3238064586793
2022-05-09,126.52697110829006
2022-05-10,123.3800376847208
2022-05-11,118.00814514084051
2022-05-12,125.9637317292059
2022-05-13,120.16432597218285
2022-05-14,127.69427375433241
2022-05-15,120.57526443307945
2022-05-16,132.76380744319658
2022-05-17,120.93536472867333
2022-05-18,123.07463674641313
2022-05-19,128.58173356038336
2022-05-20,118.18499290684292
2022-05-21,125.29782010162873
2022-05-22,130.51355529061308
2022-05-23,115.75393896445414
2022-05-24,124.52430907860897
2022-05-25,124.706689043128
2022-05-26,127.11895604049072
2022-05-27,116.82416780326915
2022-05-28,116.20231380902777
2022-05-29,125.20665984179996
2022-05-30,123.87099490592009
2022-05-31,123.42450542606028
2022-06-01,123.68718861879988
2022-06-02,118.3347546831445
2022-06-03,122.67319026018306
2022-06-04,122.7515296830927
2022-06-05,117.48594795078564
2022-06-06,130.1554984275601
2022-06-07,122.96218611279923
2022-06-08,114.40046691024645
2022-06-09,123.4013757450832
2022-06-10,115.00457693240648
2022-06-11,123.57063468274453
2022-06-12,125.18335989787927
2022-06-13,115.04018047609077
2022-06-14,123.71181885322808
2022-06-15,120.70842195451472
2022-06-16,122.50272762870921
2022-06-17,127.62272956346249
2022-06-18,116.65668858574624
2022-06-19,113.85843837118813
2022-06-20,112.92176180797856
2022-06-21,113.03132163196486
2022-06-22,116.46482789749976
2022-06-23,118.29508426138192
2022-06-24,117.71089143813515
2022-06-25,120.20069266771077
2022-06-26,115.86645183428703
2022-06-27,122.80520692799423
2022-06-28,113.94987617109372
2022-06-29,128.60926114508632
2022-06-30,117.87173986674979
2022-07-01,110.19243774277138
2022-07-02,108.85852180177646
2022-07-03,116.3601433138172
2022-07-04,112.56540423147251
2022-07-05,116.98789927931433
2022-07-06,115.5196069964638
2022-07-07,112.52524137116085
2022-07-08,108.39193085149446
2022-07-09,104.78882456107362
2022-07-10,109.86839599916705
2022-07-11,116.12172451391766
2022-07-12,112.64990937757226
2022-07-13,105.09150755261055
2022-07-14,111.92801757119783
2022-07-15,112.73186173426107
2022-07-16,106.1304992675582
2022-07-17,111.06437223247536
2022-07-18,110.33429768368703
2022-07-19,104.07755516100526
2022-07-20,111.33223872922753
2022-07-21,112.09995958821723
2022-07-22,114.46596444122838
2022-07-23,114.07642191014757
2022-07-24,101.67789570466546
2022-07-25,103.63817039386896
2022-07-26,110.66584116008514
2022-07-27,110.42537333249614
2022-07-28,110.19996291533029
2022-07-29,126.65925688315895
2022-07-30,110.02361209028719
2022-07-31,112.62332333155925
2022-08-01,111.49470453359292
2022-08-02,109.76380620670214
2022-08-03,104.71569939250081
2022-08-04,109.8752156980806
2022-08-05,102.00778177440104
2022-08-06,104.48265234245233
2022-08-07,103.03814847337571
2022-08-08,105.67602408166867
2022-08-09,116.64518172896435
2022-08-10,95.54442773492825
2022-08-11,108.12462862230093
2022-08-12,96.44611023849029
2022-08-13,101.97025780127221
2022-08-14,109.59883977901282
2022-08-15,104.30367403165165
2022-08-16,98.42582882759748
2022-08-17,100.07447754133293
2022-08-18,106.88966450989274
2022-08-19,99.68482905570544
2022-08-20,104.2683175726023
2022-08-21,103.26769009086928
2022-08-22,99.64014585615382
2022-08-23,113.48076042502495
2022-08-24,105.79816704677658
2022-08-25,92.37509304952536
2022-08-26,103.31007482196763
2022-08-27,98.95069112459468
2022-08-28,106.40849154788768
2022-08-29,98.07536067807851
2022-08-30,101.36091511456551
2022-08-31,104.36121403059623
2022-09-01,106.07183369569202
2022-09-02,95.65350645817567
2022-09-03,99.89961314227172
2022-09-04,99.11977149426434
2022-09-05,98.15552480458766
2022-09-06,110.18245399663131
2022-09-07,103.31848522990131
2022-09-08,94.93297438447594
2022-09-09,105.77598491781552
2022-09-10,111.75223906673207
2022-09-11,106.26410585559707
2022-09-12,93.4708248266446
2022-09-13,98.61800643908586
2022-09-14,107.35087349159569
2022-09-15,97.46078023826081
2022-09-16,103.20673181191599
2022-09-17,104.85503604707296
2022-09-18,96.34719356063695
2022-09-19,100.68997163139717
2022-09-20,84.79280817570276
2022-09-21,95.8945670069379
2022-09-22,99.77685684906152
2022-09-23,94.82982259931649
2022-09-24,109.26569916777798
2022-09-25,93.99371612330582
2022-09-26,98.9908684218979
2022-09-27,101.8973585704472
2022-09-28,108.50849170840347
2022-09-29,94.18719485340573
2022-09-30,107.25261975114202
2022-10-01,101.56417922867028
2022-10-02,96.68760191988612
2022-10-03,103.99371113122616
2022-10-04,102.77245541963941
2022-10-05,98.87594584854212
2022-10-06,102.33181782727861
2022-10-07,100.1679124791154
2022-10-08,102.7796264168647
2022-10-09,105.64612698766055
2022-10-10,110.39485311024814
2022-10-11,96.41083349811973
2022-10-12,113.40604970469421
2022-10-13,93.12722715239099
2022-10-14,102.28131535614318
2022-10-15,106.14017107732633
2022-10-16,104.76763459166614
2022-10-17,100.41898861838881
2022-10-18,102.66737975566386
2022-10-19,101.42415633372188
2022-10-20,101.12914213919125
2022-10-21,108.51638428350454
2022-10-22,106.25142844255768
2022-10-23,101.20531432480597
2022-10-24,109.37687013727232
2022-10-25,106.62983546398107
2022-10-26,109.37753404835536
2022-10-27,108.68663000456742
2022-10-28,101.62410648744402
2022-10-29,103.20406057633996
2022-10-30,109.98256004327736
2022-10-31,109.54426355593736
2022-11-01,106.6393688695583
2022-11-02,107.58707167244873
2022-11-03,113.65035785651501
2022-11-04,104.57076166780402
2022-11-05,110.5356217969667
2022-11-06,107.06556192560886
2022-11-07,107.26932501633775
2022-11-08,114.13757679064614
2022-11-09,113.06143012566014
2022-11-10,113.29718407160495
2022-11-11,116.05688503764264
2022-11-12,109.93886750658088
2022-11-13,113.55240589233483
2022-11-14,108.9044673733342
2022-11-15,112.39409107190647
2022-11-16,110.44422960137574
2022-11-17,111.90576579942172
2022-11-18,114.72649463759726
2022-11-19,107.993537754069
2022-11-20,122.8844418354465
2022-11-21,107.73413880262522
2022-11-22,107.0387810639314
2022-11-23,119.24947615805883
2022-11-24,117.77005215363795
2022-11-25,117.28869280757094
2022-11-26,117.66963231999209
2022-11-27,114.82985481863217
2022-11-28,110.77128943934798
2022-11-29,116.00626028006883
2022-11-30,112.6142226279832
2022-12-01,121.25145405638483
2022-12-02,116.01933529925886
2022-12-03,113.00875688964723
2022-12-04,115.91369857269751
2022-12-05,119.97234377336824
2022-12-06,115.47870505461076
2022-12-07,114.57835777075823
2022-12-08,120.30242563002281
2022-12-09,120.70565671721127
2022-12-10,117.345152628238
2022-12-11,117.9258372098603
2022-12-12,121.84445885610441
2022-12-13,113.84889210296451
2022-12-14,114.45892723133366
2022-12-15,118.31268784237838
2022-12-16,121.2479689770942
2022-12-17,124.28157319796144
2022-12-18,65.25854169393624
2022-12-19,127.84320467762986
2022-12-20,123.17105612640964
2022-12-21,124.29264817187143
2022-12-22,119.79310097152646
2022-12-23,125.13213846667321
2022-12-24,124.2012044154591
2022-12-25,127.67862008188078
2022-12-26,122.35003731661084
2022-12-27,129.50462313322603
2022-12-28,134.99371595960832
2022-12-29,127.20868219334987
2022-12-30,130.1837321013049
2022-12-31,132.04871125658417
2023-01-01,127.1007345074861
2023-01-02,130.6500311863361
2023-01-03,130.01505911277076
2023-01-04,130.86270064030234
2023-01-05,126.93108735034652
2023-01-06,131.33999484301725
2023-01-07,134.12813335719497
2023-01-08,139.3138469238897
2023-01-09,137.27365809192412
2023-01-10,143.66147869646784
2023-01-11,129.47607796096355
2023-01-12,138.0905550926229
2023-01-13,135.06058501591284
2023-01-14,145.5065002125231
2023-01-15,130.92819308470666
2023-01-16,131.1817640139956
2023-01-17,132.7924902489088
2023-01-18,125.57734890903455
2023-01-19,133.9736230501637
2023-01-20,133.21040535627907
2023-01-21,138.15971184564845
2023-01-22,139.5161052420809
2023-01-23,147.58557528587517
2023-01-24,143.3519550070513
2023-01-25,136.10805766189534
2023-01-26,134.89077520603234
2023-01-27,142.23015737224668
2023-01-28,133.55445734926477
2023-01-29,149.69523737384569
2023-01-30,146.81463278309286
2023-01-31,138.94812205063016
2023-02-01,133.10188718039353
2023-02-02,148.80738537096636
2023-02-03,141.83260580044413
2023-02-04,148.95840059974694
2023-02-05,135.1578428469225
2023-02-06,140.49033280810494
2023-02-07,143.86713549409768
2023-02-08,144.4259299782524
2023-02-09,142.28713032289815
2023-02-10,147.99437947427302
2023-02-11,139.88086317588287
2023-02-12,144.8419898379307
2023-02-13,146.48629800186924
2023-02-14,148.78388262447328
2023-02-15,150.09249407925094
2023-02-16,141.2297309054774
2023-02-17,139.49661169123448
2023-02-18,153.86545766885632
2023-02-19,149.44411608502222
2023-02-20,144.34110018403464
2023-02-21,156.13572821404784
2023-02-22,149.25016120425792
2023-02-23,154.8554148409094
2023-02-24,149.57892175610803
2023-02-25,159.82266869461571
2023-02-26,158.5683734688683
2023-02-27,148.8146717766331
2023-02-28,155.18019767773472
2023-03-01,153.8070457535587
2023-03-02,157.67606657954278
2023-03-03,146.25590250699076
2023-03-04,154.75320640641263
2023-03-05,156.8522706958279
2023-03-06,142.99837297104895
2023-03-07,146.10237765719287
2023-03-08,142.0437430891603
2023-03-09,151.10869535547144
2023-03-10,156.25381760129002
2023-03-11,160.38278068725148
2023-03-12,153.44083343203482
2023-03-13,161.40724068345557
2023-03-14,146.55186438197546
2023-03-15,145.11804111036582
2023-03-16,153.5341386533887
2023-03-17,155.90344140416687
2023-03-18,153.98516324852082
2023-03-19,143.97120947420765
2023-03-20,154.0168389546383
2023-03-21,148.0883247619407
2023-03-22,158.10146150962336
2023-03-23,156.72269105825873
2023-03-24,150.32105941612073
2023-03-25,152.57602436402976
2023-03-26,149.96832038593973
2023-03-27,155.06413809163675
2023-03-28,160.26049713831628
2023-03-29,150.6575052183901
2023-03-30,158.20180922613545
2023-03-31,153.11981611563783
2023-04-01,151.89035079181298
2023-04-02,155.3972556627234
2023-04-03,75.41398522594747
2023-04-04,153.30179431045693
2023-04-05,150.14059814932517
2023-04-06,166.00765363342904
2023-04-07,156.40848699421426
2023-04-08,152.77579294189772
2023-04-09,157.3806920810502
2023-04-10,155.77965767822397
2023-04-11,155.2611029738939
2023-04-12,159.45560118585004
2023-04-13,160.18530436980555
2023-04-14,153.75245910779947
2023-04-15,153.52729474979182
2023-04-16,155.02679355361226
2023-04-17,144.8823818825555
2023-04-18,148.8002639396501
2023-04-19,163.18914599480178
2023-04-20,164.55252215918952
2023-04-21,155.04979719069576
2023-04-22,159.13947386037407
2023-04-23,157.76910398323108
2023-04-24,171.55791021757764
2023-04-25,161.70656041805466
2023-04-26,155.4088438509043
2023-04-27,151.20508296356252
2023-04-28,147.8795570791017
2023-04-29,156.85280485696214
2023-04-30,151.9721713296834
2023-05-01,148.5558827220746
2023-05-02,152.34234989488758
2023-05-03,150.07042470060924
2023-05-04,163.81176269054663
2023-05-05,159.67713602524796
2023-05-06,155.11700470461457
2023-05-07,162.43962370368294
2023-05-08,155.3049420034813
2023-05-09,150.48509863476056
2023-05-10,162.27584170020012
2023-05-11,157.21881787314453
2023-05-12,149.1974914420935
2023-05-13,153.28695650894537
2023-05-14,149.71102569278275
2023-05-15,147.02119230797683
2023-05-16,158.40782851431715
2023-05-17,163.1615197512552
2023-05-18,146.45491181689587
2023-05-19,156.09179901553793
2023-05-20,149.8489070019536
2023-05-21,150.48769886833463
2023-05-22,149.77867725655662
2023-05-23,148.23420664741124
2023-05-24,152.6065532842216
2023-05-25,148.01532984838073
2023-05-26,153.3249311690534
2023-05-27,151.5205361689639
2023-05-28,150.37266199866716
2023-05-29,146.82193906205748
2023-05-30,148.2650202454625
2023-05-31,154.71180266200975
2023-06-01,153.22233886798693
2023-06-02,145.60990742559423
2023-06-03,150.77138866007422
2023-06-04,153.8059082920083
2023-06-05,141.47348399386067
2023-06-06,152.30623219228602
2023-06-07,146.0427080720611
2023-06-08,151.97278309777553
2023-06-09,145.0651172777515
2023-06-10,139.61638013877052
2023-06-11,140.26030483316651
2023-06-12,148.3936120946992
2023-06-13,149.20500993500679
2023-06-14,143.13616044003444
2023-06-15,150.60028497226915
2023-06-16,138.847631875942
2023-06-17,146.57117101550622
2023-06-18,140.59135352549836
2023-06-19,143.13074401251484
2023-06-20,146.3691326712383
2023-06-21,141.5711115889223
2023-06-22,143.69036408197118
2023-06-23,150.38359379192096
2023-06-24,142.20578345241935
2023-06-25,149.00604234140638
2023-06-26,138.91571346015948
2023-06-27,146.9493627903341
2023-06-28,151.24380879912303
2023-06-29,131.4129981700518
2023-06-30,139.52173220912246
2023-07-01,146.12639151930554
2023-07-02,141.9605627204171
2023-07-03,144.56631596300787
2023-07-04,139.42559758307272
2023-07-05,142.6136511047684
2023-07-06,141.1378380551857
2023-07-07,147.49110160129428
2023-07-08,142.66080901689264
2023-07-09,142.813879353429
2023-07-10,138.80439128743984
2023-07-11,138.16450478048787
2023-07-12,138.1794550763732
2023-07-13,142.05526751661202
2023-07-14,137.71999589639066
2023-07-15,141.01695447864896
2023-07-16,149.6895958003411
2023-07-17,143.4141755784562
2023-07-18,137.17594178916784
2023-07-19,144.56128161952816
2023-07-20,136.2657304209284
2023-07-21,127.86821963903682
2023-07-22,132.773082029315
2023-07-23,128.21625740339383
2023-07-24,135.57148048279439
2023-07-25,137.18219284794236
2023-07-26,145.23565674396832
2023-07-27,138.25388580530597
2023-07-28,135.29202719830576
2023-07-29,140.30543269435282
2023-07-30,124.87628835033195
2023-07-31,136.88637327974914
2023-08-01,139.3418270441118
2023-08-02,127.87672407982396
2023-08-03,140.77362119028723
2023-08-04,136.5356569916364
2023-08-05,132.55827363613494
2023-08-06,137.5934600652338
2023-08-07,145.58123586009324
2023-08-08,134.93879001857957
2023-08-09,135.07579718564853
2023-08-10,131.3467545587358
2023-08-11,129.20691118165448
2023-08-12,137.4241740357098
2023-08-13,128.8123033592251
2023-08-14,133.274723338823
2023-08-15,130.3567920608988
2023-08-16,134.97225720452602
2023-08-17,134.08211197261755
2023-08-18,137.4421808450589
2023-08-19,129.54938557856744
2023-08-20,130.5994553067756
2023-08-21,126.90881767098871
2023-08-22,129.43948665235237
2023-08-23,133.41034780217262
2023-08-24,135.17632037696333
2023-08-25,126.6527847204753
2023-08-26,135.48863820719885
2023-08-27,137.80061810101142
2023-08-28,132.97630474857513
2023-08-29,140.18474879158236
2023-08-30,126.82845668493218
2023-08-31,124.3758094776869
2023-09-01,121.61226183887007
2023-09-02,137.89801540945052
2023-09-03,133.60675296179681
2023-09-04,129.9793800540669
2023-09-05,131.58481945760536
2023-09-06,124.49054291728397
2023-09-07,142.28514193173072
2023-09-08,130.64630542457732
2023-09-09,130.49645451411612
2023-09-10,133.53309655971245
2023-09-11,132.26963107007495
2023-09-12,130.94990013636036
2023-09-13,125.84960988474059
2023-09-14,132.13646488989258
2023-09-15,139.17205540727994
2023-09-16,136.47754026050976
2023-09-17,137.71060427167328
2023-09-18,127.18857289492149
2023-09-19,124.80237966896334
2023-09-20,129.13301563409993
2023-09-21,130.05793513360285
2023-09-22,135.2734605569321
2023-09-23,121.36922071911668
2023-09-24,137.51419960397288
2023-09-25,129.11718887876407
2023-09-26,127.81949086419577
2023-09-27,124.94593916626593
2023-09-28,121.7906472622941
2023-09-29,134.24516388766253
2023-09-30,130.5661961848593
2023-10-01,123.82601478341712
2023-10-02,123.88255667335783
2023-10-03,128.76707562200923
2023-10-04,138.8850699267691
2023-10-05,129.3418788360681
2023-10-06,123.22989799528801
2023-10-07,129.62857050154452
2023-10-08,129.61122720042016
2023-10-09,117.61384575889751
2023-10-10,130.95610005548232
2023-10-11,130.20804369976062
2023-10-12,134.98472001403
2023-10-13,140.89525198328027
2023-10-14,137.4358713376099
2023-10-15,130.61694695067933
2023-10-16,126.59285106783265
2023-10-17,145.16209059229112
2023-10-18,132.7668885360727
2023-10-19,132.72161282513082
2023-10-20,132.71814584691234
2023-10-21,134.02160296078873
2023-10-22,132.50735431166277
2023-10-23,130.56435762525808
2023-10-24,130.90738141245416
2023-10-25,133.69237686706805
2023-10-26,131.35890495704177
2023-10-27,130.7370622401136
2023-10-28,135.0640380390639
2023-10-29,133.49288504877055
2023-10-30,142.52886231912453
2023-10-31,122.00036854535503
2023-11-01,140.9642164575414
2023-11-02,141.993666076943
2023-11-03,125.6578875740822
2023-11-04,134.5779860001315
2023-11-05,134.70573591968758
2023-11-06,129.80177207273923
2023-11-07,133.23145295306952
2023-11-08,131.85361866193108
2023-11-09,146.45850595638814
2023-11-10,142.67083321588913
2023-11-11,144.65007183539186
2023-11-12,142.2050139771833
2023-11-13,133.2601875383239
2023-11-14,136.59600518345263
2023-11-15,141.9829374741539
2023-11-16,133.74711118730445
2023-11-17,143.7485834838701
2023-11-18,139.31188787817206
2023-11-19,138.9733424910384
2023-11-20,144.7401106565867
2023-11-21,143.74834762610396
2023-11-22,140.06769865732466
2023-11-23,148.01837616592977
2023-11-24,137.16922740437383
2023-11-25,146.0105771155815
2023-11-26,146.25621642206266
2023-11-27,142.10616184484684
2023-11-28,145.65103176653778
2023-11-29,138.1344749657237
2023-11-30,149.38297164012832
2023-12-01,144.21415006563117
2023-12-02,142.9038124627244
2023-12-03,151.14409436134432
2023-12-04,142.76171468679874
2023-12-05,139.62818537872235
2023-12-06,139.27698730956115
2023-12-07,150.48231486386862
2023-12-08,141.44464816863191
2023-12-09,157.01760013013953
2023-12-10,138.23302682422505
2023-12-11,157.52611593795217
2023-12-12,150.50210186387937
2023-12-13,149.36855360964918
2023-12-14,147.53445602772172
2023-12-15,152.66339487895092
2023-12-16,150.88983658207923
2023-12-17,157.00635013860406
2023-12-18,152.474245904985
2023-12-19,153.0692207274792
2023-12-20,150.91549307370755
2023-12-21,152.86580645132958
2023-12-22,155.1075619977258
2023-12-23,145.4366675419021
2023-12-24,147.66637585808127
2023-12-25,158.54415310885392
2023-12-26,156.10332458356223
2023-12-27,154.75077923880684
2023-12-28,156.18499641847245
2023-12-29,158.25319682099254
2023-12-30,154.23918044781342
2023-12-31,153.4692730295671
2024-01-01,158.8488685009537
2024-01-02,153.40051024775886
2024-01-03,160.7561662459842
2024-01-04,150.62420748491903
2024-01-05,164.70471981480208
2024-01-06,162.34323674233778
2024-01-07,161.68109593108713
2024-01-08,165.73438916319213
2024-01-09,169.56748154236098
2024-01-10,166.73022209255078
2024-01-11,152.87124997729563
2024-01-12,156.09387243389105
2024-01-13,159.7825874572927
2024-01-14,163.45074615603892
2024-01-15,166.3207849723781
2024-01-16,160.51445951768216
2024-01-17,165.48609265706432
2024-01-18,161.18271822736702
2024-01-19,162.3076145021578
2024-01-20,158.7355685383565
2024-01-21,161.55438204126293
2024-01-22,159.81170769366346
2024-01-23,162.0881601834591
2024-01-24,172.63085015771026
2024-01-25,163.00838685459766
2024-01-26,181.30756424551114
2024-01-27,170.99995637766867
2024-01-28,169.84260936139236
2024-01-29,165.00896000221792
2024-01-30,173.18178693508145
2024-01-31,167.1786165385149
2024-02-01,171.04041425762475
2024-02-02,183.60125155003334
2024-02-03,170.68781088663403
2024-02-04,177.27849102985806
2024-02-05,168.3769043738149
2024-02-06,172.07507082893903
2024-02-07,181.45772553223438
2024-02-08,169.8189970790399
2024-02-09,182.36250582882906
2024-02-10,177.18169484836295
2024-02-11,171.16943680187455
2024-02-12,177.4787313168648
2024-02-13,179.5103974499934
2024-02-14,178.08354362381553
2024-02-15,167.44610144790425
2024-02-16,171.98006084409243
2024-02-17,174.69239472570507
2024-02-18,175.8677117724136
2024-02-19,179.64871187142768
2024-02-20,177.73484323003373
2024-02-21,170.46605190143475
2024-02-22,179.3355826463735
2024-02-23,180.7746630055594
2024-02-24,180.80308694726267
2024-02-25,183.68563805652894
2024-02-26,182.72408538794684
2024-02-27,181.1181982737207
2024-02-28,178.73431972421974
2024-02-29,171.038166696603
2024-03-01,181.743805246094
2024-03-02,180.88176360425686
2024-03-03,181.44364865094732
2024-03-04,173.9392107410285
2024-03-05,175.14959305967326
2024-03-06,186.04723984573633
2024-03-07,180.80493356722755
2024-03-08,184.62603837310738
2024-03-09,181.57050356151257
2024-03-10,181.7825814828001
2024-03-11,186.524583918366
2024-03-12,179.4467446730623
2024-03-13,182.6957809163049
2024-03-14,180.0863822221664
2024-03-15,180.40220136926024
2024-03-16,181.2000589006772
2024-03-17,184.02211120570988
2024-03-18,180.67748222463968
2024-03-19,189.5040251386199
2024-03-20,178.9004411119175
2024-03-21,182.58154590321644
2024-03-22,181.45384989495363
2024-03-23,191.0181531280762
2024-03-24,184.89093819182114
2024-03-25,189.1864160512777
2024-03-26,176.71253707136782
2024-03-27,185.58284222370645
2024-03-28,188.79709478673504
2024-03-29,184.85580195347342
2024-03-30,189.8613114413768
2024-03-31,182.03107806117288
2024-04-01,191.74195002197416
2024-04-02,196.26147804063808
2024-04-03,183.01865339354458
2024-04-04,182.6652803638156
2024-04-05,192.21375571298566
2024-04-06,192.8928353215592
2024-04-07,182.42292570464434
2024-04-08,182.97266380044982
2024-04-09,183.69518024092562
2024-04-10,178.40650377493867
2024-04-11,180.55431331176197
2024-04-12,180.13986734435875
2024-04-13,181.32878237888153
2024-04-14,184.99576687463133
2024-04-15,186.33593106060312
2024-04-16,192.90729552885387
2024-04-17,180.14725440549896
2024-04-18,190.03919200851212
2024-04-19,184.0205447291056
2024-04-20,184.81046419876554
2024-04-21,188.3935918644783
2024-04-22,179.36204846125193
2024-04-23,186.83836026477172
2024-04-24,185.70375226049714
2024-04-25,187.2734934868989
2024-04-26,186.19143374465378
2024-04-27,196.95109473849408
2024-04-28,181.4095921149195
2024-04-29,181.86174563964585
2024-04-30,181.31425399648919
2024-05-01,181.56063407884898
2024-05-02,181.05403444069864
2024-05-03,190.08394252927158
2024-05-04,191.13426383900006
2024-05-05,181.06594180100032
2024-05-06,179.6409305022617
2024-05-07,186.03798360572526
2024-05-08,180.79320977854707
2024-05-09,186.58768576117942
2024-05-10,184.30168811752776
2024-05-11,175.5678069972897
2024-05-12,190.73898126456376
2024-05-13,191.8313106837342
2024-05-14,179.63405286892663
2024-05-15,180.60123833552905
2024-05-16,183.8065688610791
2024-05-17,183.8828389944767
2024-05-18,185.33247955399926
2024-05-19,191.91594789994454
2024-05-20,180.80139500823793
2024-05-21,177.51196601360877
2024-05-22,174.42036971428772
2024-05-23,177.4721003033379
2024-05-24,180.76725092461695
2024-05-25,189.70824171629317
2024-05-26,177.9464755795788
2024-05-27,181.44914734974375
2024-05-28,180.04044825045176
2024-05-29,185.85364862409463
2024-05-30,192.3323140207991
2024-05-31,176.82621442381347
2024-06-01,176.81329179554592
2024-06-02,184.25833687682348
2024-06-03,182.22123548183094
2024-06-04,187.81685238669775
2024-06-05,181.27187751556622
2024-06-06,176.32217177140507
2024-06-07,180.8358692668213
2024-06-08,183.18773632192867
2024-06-09,181.50600690662998
2024-06-10,179.69719253666887
2024-06-11,182.2493661678881
2024-06-12,182.51568073717777
2024-06-13,183.3313438792942
2024-06-14,179.41367747488053
2024-06-15,175.08244714425254
2024-06-16,176.39794379945945
2024-06-17,181.44178471540246
2024-06-18,171.0680515551395
2024-06-19,176.73831121757078
2024-06-20,172.6692897122553
2024-06-21,174.51967127634444
2024-06-22,180.5071944174353
2024-06-23,174.80854349868463
2024-06-24,173.8225698804115
2024-06-25,166.527772387098
2024-06-26,176.79441508944385
2024-06-27,176.02619196008897
2024-06-28,183.3502996457656
2024-06-29,170.73012267025985
2024-06-30,173.09958788027254
2024-07-01,172.98551342773587
2024-07-02,179.36065835351872
2024-07-03,170.7318512132671
2024-07-04,86.16930757740282
2024-07-05,173.71851213927886
2024-07-06,171.3480422673271
2024-07-07,167.91934208618395
2024-07-08,170.85912136609454
2024-07-09,174.9947402259011
2024-07-10,164.23276476234506
2024-07-11,169.76989974475572
2024-07-12,165.3452080885747
2024-07-13,174.56295680366622
2024-07-14,160.71495102879808
2024-07-15,165.280787929306
2024-07-16,169.7074167951704
2024-07-17,175.3964849547288
2024-07-18,166.98926606189352
2024-07-19,164.29291501112021
2024-07-20,88.11371651033954
2024-07-21,159.33624944037086
2024-07-22,155.33899258397273
2024-07-23,168.29192551181762
2024-07-24,163.34263518878157
2024-07-25,160.51011145548836
2024-07-26,168.92383653153195
2024-07-27,166.36933876975613
2024-07-28,162.10081699330178
2024-07-29,158.29324826056697
2024-07-30,168.83339248915703
2024-07-31,167.5013123230203
2024-08-01,163.5365813483763
2024-08-02,173.05084131304093
2024-08-03,158.2555564810836
2024-08-04,155.7698927095653
2024-08-05,159.73281574384623
2024-08-06,162.76264684784383
2024-08-07,164.00896134845055
2024-08-08,161.39131932341522
2024-08-09,164.16664139755858
2024-08-10,155.96124126657622
2024-08-11,169.25412333190494
2024-08-12,161.44477195535663
2024-08-13,167.26617666921672
2024-08-14,163.22151138516296
2024-08-15,163.623929530113
2024-08-16,164.02544320589385
2024-08-17,163.255829282406
2024-08-18,164.0758867307289
2024-08-19,167.35739799245468
2024-08-20,161.54804745695765
2024-08-21,163.96877709922555
2024-08-22,159.83797222406227
2024-08-23,167.35476872953396
2024-08-24,156.64445518961713
2024-08-25,168.90811612977467
2024-08-26,159.584444412315
2024-08-27,152.51806008041643
2024-08-28,160.20409716189604
2024-08-29,156.05494975162568
2024-08-30,163.56510609773764
2024-08-31,156.00554854542952
2024-09-01,156.94968204448074
2024-09-02,149.65002638384888
2024-09-03,156.75857717092384
2024-09-04,146.82838505141152
2024-09-05,150.9612793948973
2024-09-06,162.6212606729181
2024-09-07,162.69200566650537
2024-09-08,160.83957370856652
2024-09-09,153.8321880831229
2024-09-10,158.38883348923153
2024-09-11,158.5752726780619
2024-09-12,152.7729640745545
2024-09-13,166.0589199715984
2024-09-14,162.91154973633314
2024-09-15,157.40842451913662
2024-09-16,158.641905691999
2024-09-17,159.54937067536522
2024-09-18,148.30453478668485
2024-09-19,157.28886868054525
2024-09-20,155.13219469072044
2024-09-21,153.5572082736528
2024-09-22,157.18884776181105
2024-09-23,167.61768599946748
2024-09-24,161.87424803654412
2024-09-25,155.86080662356895
2024-09-26,161.6321803078976
2024-09-27,165.824513163103
2024-09-28,163.51528474096685
2024-09-29,159.2605635570682
2024-09-30,155.80394075214454
2024-10-01,162.6118724602939
2024-10-02,161.17623140411865
2024-10-03,163.77873375901083
2024-10-04,162.57849995984603
2024-10-05,164.75618169602527
2024-10-06,156.94391512272145
2024-10-07,166.32462073588016
2024-10-08,160.8490823556174
2024-10-09,170.36668410974778
2024-10-10,156.6795826189062
2024-10-11,168.9463125643392
2024-10-12,161.40283078441684
2024-10-13,157.30876153034893
2024-10-14,158.30476659173192
2024-10-15,159.28654942911942
2024-10-16,163.17892666660143
2024-10-17,163.8477791647278
2024-10-18,158.54627170442322
2024-10-19,161.4798036797075
2024-10-20,172.50533630855884
2024-10-21,170.62967758033608
2024-10-22,164.3770913665795
2024-10-23,162.59449886804714
2024-10-24,163.2191052102894
2024-10-25,165.9064240349127
2024-10-26,157.95013368605746
2024-10-27,162.00780957203773
2024-10-28,155.18765612503694
2024-10-29,165.76781834778754
2024-10-30,167.25400264438383
2024-10-31,161.85355524498223
2024-11-01,172.39597928945506
2024-11-02,158.65881577966127
2024-11-03,157.73235492803417
2024-11-04,166.44800470101646
2024-11-05,170.83762741793916
2024-11-06,174.30298020686328
2024-11-07,163.87488193346556
2024-11-08,171.85336326497654
2024-11-09,166.5627042611983
2024-11-10,166.191965219267
2024-11-11,171.77775870295056
2024-11-12,170.92986614502718
2024-11-13,160.0994510884803
2024-11-14,175.68157177519382
2024-11-15,175.52101236105148
2024-11-16,165.81858318401058
2024-11-17,171.2553378946998
2024-11-18,172.08040281875014
2024-11-19,171.25148500323883
2024-11-20,167.53831065799673
2024-11-21,167.27721800527985
2024-11-22,170.85676215270132
2024-11-23,177.20099449722017
2024-11-24,174.4117052123824
2024-11-25,170.20044383034025
2024-11-26,176.27519295320855
2024-11-27,158.54045891072687
2024-11-28,178.8966767080608
2024-11-29,164.82707300875333
2024-11-30,172.0892613993805
2024-12-01,168.6818834507389
2024-12-02,168.18844621210536
2024-12-03,180.8503724349552
2024-12-04,173.09479121253074
2024-12-05,177.5554579443843
2024-12-06,175.98046757129455
2024-12-07,178.99480442577897
2024-12-08,177.39054403406902
2024-12-09,170.99051810125087
2024-12-10,182.7879735522877
2024-12-11,175.74103697060977
2024-12-12,170.83201503425246
2024-12-13,176.88128101548696
2024-12-14,186.9343186189122
2024-12-15,184.09192416332098
2024-12-16,178.50938541503217
2024-12-17,178.9196244986327
2024-12-18,179.47234202263292
2024-12-19,191.88009941113108
2024-12-20,183.8230171896427
2024-12-21,276.7223501216564
2024-12-22,187.90173213389446
2024-12-23,184.36405412229243
2024-12-24,182.2954272681869
2024-12-25,183.03005350604766
2024-12-26,184.07549498204997
2024-12-27,184.66952092914633
2024-12-28,188.91624137091915
2024-12-29,185.96051363694679
2024-12-30,189.7868024012066
2024-12-31,186.14286237409559
2025-01-01,187.10442574205757
2025-01-02,177.14297827818532
2025-01-03,192.13814840593608
2025-01-04,189.71117545061
2025-01-05,193.39059974248397
2025-01-06,174.34058000431594
2025-01-07,199.68442834843322
2025-01-08,188.96459366770048
2025-01-09,195.6226309687475
2025-01-10,185.30044969684428
2025-01-11,193.98109822427853
2025-01-12,186.06628701671312
2025-01-13,188.6294431073039
2025-01-14,201.7320552393305
2025-01-15,191.62068543122754
2025-01-16,194.07195051435994
2025-01-17,197.74420505313452
2025-01-18,196.2796498940085
2025-01-19,194.95890560784727
2025-01-20,196.43528659994055
2025-01-21,207.02923376302064
2025-01-22,195.12364430158902
2025-01-23,196.8146292469324
2025-01-24,201.45752071972095
2025-01-25,202.12461852855913
2025-01-26,202.92241301413793
2025-01-27,200.56862554842198
2025-01-28,192.04501174427742
2025-01-29,206.3095141296413
2025-01-30,96.39505906897743
2025-01-31,200.41159056091072
2025-02-01,195.50059349931297
2025-02-02,199.32174469073618
2025-02-03,201.65353000178652
2025-02-04,201.98051804069289
2025-02-05,202.8439978356326
2025-02-06,209.1601771917289
2025-02-07,203.71300142663853
2025-02-08,200.5746567565373
2025-02-09,206.96230644529803
2025-02-10,208.4318951807206
2025-02-11,196.68533917067276
2025-02-12,206.14530053584832
2025-02-13,206.9950964784261
2025-02-14,202.3282838609414
2025-02-15,211.01736667892644
2025-02-16,203.70707635306596
2025-02-17,205.39947773583214
2025-02-18,204.21612736150632
2025-02-19,205.46485418659347
2025-02-20,200.2065703559033
2025-02-21,198.78412684702562
2025-02-22,214.24872627248033
2025-02-23,202.32853510256047
2025-02-24,201.88878052533778
2025-02-25,196.35639142574905
2025-02-26,204.20127344176663
2025-02-27,201.04845647555288
2025-02-28,216.13683164720663
2025-03-01,213.23366437590798
2025-03-02,204.99656998955427
2025-03-03,219.9471117601747
2025-03-04,213.83618946494025
2025-03-05,207.54040426759875
2025-03-06,196.89945475235854
2025-03-07,221.07779600703734
2025-03-08,202.89645456770467
2025-03-09,201.8331487164716
2025-03-10,215.38337140592026
2025-03-11,222.6741703820296
2025-03-12,217.5961365460504
2025-03-13,213.6881214794228
2025-03-14,214.03055630493824
2025-03-15,215.50644402460497
2025-03-16,215.21093302036746
2025-03-17,212.99348420287907
2025-03-18,212.27405543231248
2025-03-19,211.59986725847128
2025-03-20,208.29702913143075
2025-03-21,210.81170980369296
2025-03-22,203.89272761805813
2025-03-23,318.0036219260439
2025-03-24,207.6819157355648
2025-03-25,207.23182528819623
2025-03-26,213.76827167471373
2025-03-27,219.94195793328745
2025-03-28,217.68078148938355
2025-03-29,205.3380453555138
2025-03-30,208.33784888925643
2025-03-31,218.07937307100298
2025-04-01,208.546690908995
2025-04-02,212.41365463607292
2025-04-03,216.3588554826764
2025-04-04,208.8327314864365
2025-04-05,214.2612780665611
2025-04-06,207.11831341781794
2025-04-07,210.82974393816139
2025-04-08,215.4777430761352
2025-04-09,205.95023678328258
2025-04-10,216.14808454004196
2025-04-11,213.8721749004885
2025-04-12,216.75163038128053
2025-04-13,215.1217494134542
2025-04-14,220.8300799192832
2025-04-15,214.6369213898166
2025-04-16,211.85943725730607
2025-04-17,214.60788814495672
2025-04-18,216.6971223193867
2025-04-19,214.20348793276952
2025-04-20,214.1350549712644
2025-04-21,315.58414780950864
2025-04-22,210.54659738090237
2025-04-23,206.80423977507678
2025-04-24,222.515802814798
2025-04-25,207.49378260748722
2025-04-26,210.18831874289043
2025-04-27,209.9951617622805
2025-04-28,326.98623523301046
2025-04-29,211.96515120972776
2025-04-30,219.59704834303545
2025-05-01,209.9041110724055
2025-05-02,214.57459805078108
2025-05-03,208.90584237594427
2025-05-04,223.7062130776126
2025-05-05,206.93535806891504
2025-05-06,214.31038438589468
2025-05-07,215.81320033745519
2025-05-08,214.59150887606256
2025-05-09,211.4694942705752
2025-05-10,211.61553073874654
2025-05-11,212.34773793817862
2025-05-12,211.25312512914522
2025-05-13,216.66245840689982
2025-05-14,222.74614489122516
2025-05-15,208.75214496132122
2025-05-16,204.5323388023254
2025-05-17,210.77743923071014
2025-05-18,223.95070929782497
2025-05-19,206.86299291579826
2025-05-20,218.90211679834493
2025-05-21,218.9162427811022
2025-05-22,207.57711859277288
2025-05-23,213.00348881529854
2025-05-24,218.11034118370202
2025-05-25,207.87885464906034
2025-05-26,208.55915816320424
2025-05-27,206.46773507002823
2025-05-28,204.09803150309673
2025-05-29,205.71778257049732
2025-05-30,202.63358848805476
2025-05-31,208.70967679773895
2025-06-01,204.4722996981337
2025-06-02,209.27102613210258
2025-06-03,200.0996618254718
2025-06-04,209.30778675978348
2025-06-05,211.59256813107405
2025-06-06,197.22516594109095
2025-06-07,208.83052263959007
2025-06-08,212.86254764073806
2025-06-09,200.43762089056992
2025-06-10,214.60806549984346
2025-06-11,208.09752499297443
2025-06-12,202.2325410061621
2025-06-13,205.23196496167273
2025-06-14,208.053791051727
2025-06-15,205.3917625590062
2025-06-16,207.4534250730805
2025-06-17,199.9026149669078
2025-06-18,205.0976515680529
2025-06-19,196.92576499056258
2025-06-20,203.1804219314746
2025-06-21,198.95805313158
2025-06-22,199.53990501373335
2025-06-23,209.1370085454628
